id,name_bg,name_en,drawn_as,oblast,nuts3,nuts2,nuts1
000351580,Велинград,Velingrad,000351580,Пазарджик,BG423,BG42,BG4
000852697,Каварна,Kavarna,000852697,Добрич,BG332,BG33,BG3
000852957,Шабла,Shabla,000852957,Добрич,BG332,BG33,BG3
000852633,Генерал Тошево,General Toshevo,000852633,Добрич,BG332,BG33,BG3
000852544,Балчик,Balchik,000852544,Добрич,BG332,BG33,BG3
000852188,Добричка,Dobrichka,000852188,Добрич,BG332,BG33,BG3
000852932,Добрич,Dobrich,000852932,Добрич,BG332,BG33,BG3
000852754,Крушари,Krushari,000852754,Добрич,BG332,BG33,BG3
000565430,Кайнарджа,Kaynardzha,000565430,Силистра,BG325,BG32,BG3
000093385,Аксаково,Aksakovo,000093385,Варна,BG331,BG33,BG3
000093442,Варна,Varna,000093442,Варна,BG331,BG33,BG3
000565416,Дулово,Dulovo,000565416,Силистра,BG325,BG32,BG3
000565537,Силистра,Silistra,000565537,Силистра,BG325,BG32,BG3
000565544,Ситово,Sitovo,000565544,Силистра,BG325,BG32,BG3
000565359,Алфатар,Alfatar,000565359,Силистра,BG325,BG32,BG3
000852925,Тервел,Tervel,000852925,Добрич,BG332,BG33,BG3
000565626,Тутракан,Tutrakan,000565626,Силистра,BG325,BG32,BG3
000505846,Кубрат,Kubrat,000505846,Разград,BG324,BG32,BG3
000565380,Главиница,Glavinitsa,000565380,Силистра,BG325,BG32,BG3
000505814,Завет,Zavet,000505814,Разград,BG324,BG32,BG3
000505821,Исперих,Isperih,000505821,Разград,BG324,BG32,BG3
000093458,Ветрино,Vetrino,000093458,Варна,BG331,BG33,BG3
000931881,Каолиново,Kaolinovo,000931881,Шумен,BG333,BG33,BG3
000931568,Никола Козлево,Nikola Kozlevo,000931568,Шумен,BG333,BG33,BG3
000931575,Нови Пазар,Novi Pazar,000931575,Шумен,BG333,BG33,BG3
000093474,Вълчи Дол,Valchi Dol,000093474,Варна,BG331,BG33,BG3
000093684,Суворово,Suvorovo,000093684,Варна,BG331,BG33,BG3
000093645,Девня,Devnya,000093645,Варна,BG331,BG33,BG3
000530657,Сливо Поле,Slivo Pole,000530657,Русе,BG323,BG32,BG3
000530504,Ветово,Vetovo,000530504,Русе,BG323,BG32,BG3
000505981,Цар Калоян,Tsar Kaloyan,000505981,Разград,BG324,BG32,BG3
000505910,Разград,Razgrad,000505910,Разград,BG324,BG32,BG3
000530536,Иваново,Ivanovo,000530536,Русе,BG323,BG32,BG3
000530632,Русе,Ruse,000530632,Русе,BG323,BG32,BG3
000875856,Попово,Popovo,000875856,Търговище,BG334,BG33,BG3
000875557,Антоново,Antonovo,000875557,Търговище,BG334,BG33,BG3
000530671,Ценово,Tsenovo,000530671,Русе,BG323,BG32,BG3
000530479,Борово,Borovo,000530479,Русе,BG323,BG32,BG3
000530493,Бяла,Byala,000530493,Русе,BG323,BG32,BG3
000530529,Две Могили,Dve Mogili,000530529,Русе,BG323,BG32,BG3
000875824,Опака,Opaka,000875824,Търговище,BG334,BG33,BG3
000875920,Търговище,Targovishte,000875920,Търговище,BG334,BG33,BG3
000875817,Омуртаг,Omurtag,000875817,Търговище,BG334,BG33,BG3
000505928,Самуил,Samuil,000505928,Разград,BG324,BG32,BG3
000931397,Венец,Venets,000931397,Шумен,BG333,BG33,BG3
000931422,Хитрино,Hitrino,000931422,Шумен,BG333,BG33,BG3
000505853,Лозница,Loznitsa,000505853,Разград,BG324,BG32,BG3
000931511,Каспичан,Kaspichan,000931511,Шумен,BG333,BG33,BG3
000931721,Шумен,Shumen,000931721,Шумен,BG333,BG33,BG3
000931625,Велики Преслав,Veliki Preslav,000931625,Шумен,BG333,BG33,BG3
000057026,Карнобат,Karnobat,000057026,Бургас,BG341,BG34,BG3
000057086,Малко Търново,Malko Tarnovo,000057086,Бургас,BG341,BG34,BG3
000057097,Царево,Tsarevo,000057097,Бургас,BG341,BG34,BG3
102164063,Приморско,Primorsko,102164063,Бургас,BG341,BG34,BG3
000093403,Белослав,Beloslav,000093403,Варна,BG331,BG33,BG3
000093378,Аврен,Avren,000093378,Варна,BG331,BG33,BG3
000093638,Провадия,Provadiya,000093638,Варна,BG331,BG33,BG3
000057236,Созопол,Sozopol,000057236,Бургас,BG341,BG34,BG3
000056878,Средец,Sredets,000056878,Бургас,BG341,BG34,BG3
000057250,Сунгурларе,Sungurlare,000057250,Бургас,BG341,BG34,BG3
000931415,Върбица,Varbitsa,000931415,Шумен,BG333,BG33,BG3
000093524,Дългопол,Dalgopol,000093524,Варна,BG331,BG33,BG3
000931657,Смядово,Smyadovo,000931657,Шумен,BG333,BG33,BG3
000093517,Долни Чифлик,Dolni Chiflik,000093517,Варна,BG331,BG33,BG3
000093435,Бяла,Byala,000093435,Варна,BG331,BG33,BG3
000057122,Несебър,Nesebar,000057122,Бургас,BG341,BG34,BG3
000057179,Поморие,Pomorie,000057179,Бургас,BG341,BG34,BG3
000057211,Руен,Ruen,000057211,Бургас,BG341,BG34,BG3
000056814,Бургас,Burgas,000056814,Бургас,BG341,BG34,BG3
000056764,Айтос,Aytos,000056764,Бургас,BG341,BG34,BG3
000057001,Камено,Kameno,000057001,Бургас,BG341,BG34,BG3
000970457,Тунджа,Tundzha,000970457,Ямбол,BG343,BG34,BG3
000590540,Котел,Kotel,000590540,Сливен,BG342,BG34,BG3
000590654,Сливен,Sliven,000590654,Сливен,BG342,BG34,BG3
000970432,Стралджа,Straldzha,000970432,Ямбол,BG343,BG34,BG3
000970051,Болярово,Bolyarovo,000970051,Ямбол,BG343,BG34,BG3
000970165,Елхово,Elhovo,000970165,Ямбол,BG343,BG34,BG3
000970496,Ямбол,Yambol,000970496,Ямбол,BG343,BG34,BG3
000159554,Димово,Dimovo,000159554,Видин,BG311,BG31,BG3
000159489,Брегово,Bregovo,000159489,Видин,BG311,BG31,BG3
000159643,Ново Село,Novo Selo,000159643,Видин,BG311,BG31,BG3
000159472,Бойница,Boynitsa,000159472,Видин,BG311,BG31,BG3
000159508,Видин,Vidin,000159508,Видин,BG311,BG31,BG3
000159629,Кула,Kula,000159629,Видин,BG311,BG31,BG3
000159531,Грамада,Gramada,000159531,Видин,BG311,BG31,BG3
000159636,Макреш,Makresh,000159636,Видин,BG311,BG31,BG3
000159458,Белоградчик,Belogradchik,000159458,Видин,BG311,BG31,BG3
000159700,Чупрене,Chuprene,000159700,Видин,BG311,BG31,BG3
000159682,Ружинци,Ruzhinsi,000159682,Видин,BG311,BG31,BG3
000970464,Тополовград,Topolovgrad,000970464,Хасково,BG422,BG42,BG4
000903825,Свиленград,Svilengrad,000903825,Хасково,BG422,BG42,BG4
000193058,Бяла Слатина,Byala Slatina,000193058,Враца,BG313,BG31,BG3
000320840,Лом,Lom,000320840,Монтана,BG312,BG31,BG3
000320580,Брусарци,Brusartsi,000320580,Монтана,BG312,BG31,BG3
000320865,Медковец,Medkovets,000320865,Монтана,BG312,BG31,BG3
000320961,Чипровци,Chiprovtsi,000320961,Монтана,BG312,BG31,BG3
000320979,Якимово,Yakimovo,000320979,Монтана,BG312,BG31,BG3
000320648,Вълчедръм,Valchedram,000320648,Монтана,BG312,BG31,BG3
000320694,Георги Дамяново,Georgi Bamyanovo,000320694,Монтана,BG312,BG31,BG3
000320559,Берковица,Berkovitsa,000320559,Монтана,BG312,BG31,BG3
000320655,Вършец,Varshets,000320655,Монтана,BG312,BG31,BG3
000320872,Монтана,Montana,000320872,Монтана,BG312,BG31,BG3
000320566,Бойчиновци,Boychinovtsi,000320566,Монтана,BG312,BG31,BG3
000193551,Хайредин,Hayredin,000193551,Враца,BG313,BG31,BG3
000193250,Козлодуй,Kozloduy,000193250,Враца,BG313,BG31,BG3
000193414,Оряхово,Oryahovo,000193414,Враца,BG313,BG31,BG3
000193088,Мизия,Miziya,000193088,Враца,BG313,BG31,BG3
000193282,Криводол,Krivodol,000193282,Враца,BG313,BG31,BG3
000193115,Враца,Vratsa,000193115,Враца,BG313,BG31,BG3
000193065,Борован,Borovan,000193065,Враца,BG313,BG31,BG3
000133965,Свищов,Svishtov,000133965,Велико Търново,BG321,BG32,BG3
000193243,Кнежа,Knezha,000193243,Плевен,BG314,BG31,BG3
000414154,Червен Бряг,Cherven Bryag,000414154,Плевен,BG314,BG31,BG3
000413942,Искър,Iskar,000413942,Плевен,BG314,BG31,BG3
000413732,Долни Дъбник,Dolni Dabnik,000413732,Плевен,BG314,BG31,BG3
000413725,Долна Митрополия,Dolna Mitropoliya,000413725,Плевен,BG314,BG31,BG3
000413691,Гулянци,Gulyantsi,000413691,Плевен,BG314,BG31,BG3
000413885,Никопол,Nikopol,000413885,Плевен,BG314,BG31,BG3
000413974,Плевен,Pleven,000413974,Плевен,BG314,BG31,BG3
000413999,Пордим,Pordim,000413999,Плевен,BG314,BG31,BG3
000413814,Левски,Levski,000413814,Плевен,BG314,BG31,BG3
000413579,Белене,Belene,000413579,Плевен,BG314,BG31,BG3
000133933,Полски Тръмбеш,Polski Trambesh,000133933,Велико Търново,BG321,BG32,BG3
000133972,Стражица,Strazhitsa,000133972,Велико Търново,BG321,BG32,BG3
000133634,Велико Търново,Veliko Tarnovo,000133634,Велико Търново,BG321,BG32,BG3
000291716,Угърчин,Ugarchin,000291716,Ловеч,BG315,BG31,BG3
000291591,Ловеч,Lovech,000291591,Ловеч,BG315,BG31,BG3
000291584,Летница,Letnitsa,000291584,Ловеч,BG315,BG31,BG3
000133997,Сухиндол,Suhindol,000133997,Велико Търново,BG321,BG32,BG3
000133901,Павликени,Pavlikeni,000133901,Велико Търново,BG321,BG32,BG3
000291709,Троян,Troyan,000291709,Ловеч,BG315,BG31,BG3
000291627,Априлци,Apriltsi,000291627,Ловеч,BG315,BG31,BG3
000215630,Габрово,Gabrovo,000215630,Габрово,BG322,BG32,BG3
000215889,Севлиево,Sevlievo,000215889,Габрово,BG322,BG32,BG3
000133673,Горна Оряховица,Gorna Oryahovitsa,000133673,Велико Търново,BG321,BG32,BG3
000133844,Лясковец,Lyaskovets,000133844,Велико Търново,BG321,BG32,BG3
000133762,Елена,Elena,000133762,Велико Търново,BG321,BG32,BG3
000133778,Златарица,Zlataritsa,000133778,Велико Търново,BG321,BG32,BG3
000215946,Трявна,Tryavna,000215946,Габрово,BG322,BG32,BG3
000215729,Дряново,Dryanovo,000215729,Габрово,BG322,BG32,BG3
000291698,Тетевен,Teteven,000291698,Ловеч,BG315,BG31,BG3
000776502,Своге,Svoge,000776502,София област,BG412,BG41,BG4
000193371,Мездра,Mezdra,000193371,Враца,BG313,BG31,BG3
000776259,Етрополе,Etropole,000776259,София област,BG412,BG41,BG4
000776089,Ботевград,Botevgrad,000776089,София област,BG412,BG41,BG4
000193460,Роман,Roman,000193460,Враца,BG313,BG31,BG3
000291602,Луковит,Lukovit,000291602,Ловеч,BG315,BG31,BG3
000776477,Правец,Pravets,000776477,София област,BG412,BG41,BG4
000291723,Ябланица,Yablanitsa,000291723,Ловеч,BG315,BG31,BG3
000386559,Брезник,Breznik,000386559,Перник,BG414,BG41,BG4
000261655,Трекляно,Treklyano,000261655,Кюстендил,BG415,BG41,BG4
000386790,Трън,Tran,000386790,Перник,BG414,BG41,BG4
000776160,Годеч,Godech,000776160,София област,BG412,BG41,BG4
000776235,Драгоман,Dragoman,000776235,София област,BG412,BG41,BG4
000776363,Костинброд,Kostinbrod,000776363,София област,BG412,BG41,BG4
000776517,Сливница,Slivnitsa,000776517,София област,BG412,BG41,BG4
000776071,Божурище,Bozhurishte,000776071,София област,BG412,BG41,BG4
000235913,Крумовград,Krumovgrad,000235913,Кърджали,BG425,BG42,BG4
000615075,Рудозем,Rudozem,000615075,Смолян,BG424,BG42,BG4
000614984,Мадан,Madan,000614984,Смолян,BG424,BG42,BG4
000235750,Ардино,Ardino,000235750,Кърджали,BG425,BG42,BG4
000614938,Златоград,Zlatograd,000614938,Смолян,BG424,BG42,BG4
000615043,Неделино,Nedelino,000615043,Смолян,BG424,BG42,BG4
000235920,Кърджали,Kardzhali,000235920,Кърджали,BG425,BG42,BG4
000235888,Кирково,Kirkovo,000235888,Кърджали,BG425,BG42,BG4
000235831,Джебел,Dzhebel,000235831,Кърджали,BG425,BG42,BG4
000235984,Момчилград,Momchilgrad,000235984,Кърджали,BG425,BG42,BG4
000903939,Харманли,Harmanli,000903939,Хасково,BG422,BG42,BG4
000904261,Стамболово,Stambolovo,000904261,Хасково,BG422,BG42,BG4
000903686,Любимец,Lyubimets,000903686,Хасково,BG422,BG42,BG4
000903693,Маджарово,Madzharovo,000903693,Хасково,BG422,BG42,BG4
000235870,Ивайловград,Ivaylovgrad,000235870,Хасково,BG422,BG42,BG4
000590704,Твърдица,Tvarditsa,000590704,Сливен,BG342,BG34,BG3
000777255,Антон,Anton,000777255,София област,BG412,BG41,BG4
115816423,Сопот,Sopot,115816423,Пловдив,BG421,BG42,BG4
000471365,Карлово,Karlovo,000471365,Пловдив,BG421,BG42,BG4
000817931,Павел Баня,Pavel Banya,000817931,Стара Загора,BG344,BG34,BG3
000817778,Казанлък,Kazanlak,000817778,Стара Загора,BG344,BG34,BG3
000817867,Мъглиж,Maglizh,000817867,Стара Загора,BG344,BG34,BG3
123116940,Николаево,Nikolaevo,123116940,Стара Загора,BG344,BG34,BG3
123092756,Гурково,Gurkovo,123092756,Стара Загора,BG344,BG34,BG3
000817696,Гълъбово,Galabovo,000817696,Стара Загора,BG344,BG34,BG3
000590597,Нова Загора,Nova Zagora,000590597,Сливен,BG342,BG34,BG3
000818022,Стара Загора,Stara Zagora,000818022,Стара Загора,BG344,BG34,BG3
000817956,Раднево,Radnevo,000817956,Стара Загора,BG344,BG34,BG3
000818086,Чирпан,Chirpan,000818086,Стара Загора,BG344,BG34,BG3
000903946,Хасково,Haskovo,000903946,Хасково,BG422,BG42,BG4
000903743,Минерални Бани,Mineralni Bani,000903743,Хасково,BG422,BG42,BG4
000236164,Черноочене,Chernoochene,000236164,Кърджали,BG425,BG42,BG4
000903729,Симеоновград,Simeonovgrad,000903729,Хасково,BG422,BG42,BG4
000903533,Димитровград,Dimitrovgrad,000903533,Хасково,BG422,BG42,BG4
000817917,Опан,Opan,000817917,Стара Загора,BG344,BG34,BG3
000024752,Гърмен,Garmen,000024752,Благоевград,BG413,BG41,BG4
000024916,Петрич,Petrich,000024916,Благоевград,BG413,BG41,BG4
000024720,Кресна,Kresna,000024720,Благоевград,BG413,BG41,BG4
000024663,Банско,Bansko,000024663,Благоевград,BG413,BG41,BG4
000024713,Струмяни,Strumyarni,000024713,Благоевград,BG413,BG41,BG4
000024955,Сандански,Sandanski,000024955,Благоевград,BG413,BG41,BG4
000025014,Хаджидимово,Hadzhidimovo,000025014,Благоевград,BG413,BG41,BG4
000024745,Гоце Делчев,Gotse Delchev,000024745,Благоевград,BG413,BG41,BG4
000024962,Сатовча,Satovcha,000024962,Благоевград,BG413,BG41,BG4
000471059,Асеновград,Asenovgrad,000471059,Пловдив,BG421,BG42,BG4
000614895,Девин,Devin,000614895,Смолян,BG424,BG42,BG4
115631816,Куклен,Kuklen,115631816,Пловдив,BG421,BG42,BG4
000615118,Смолян,Smolyan,000615118,Смолян,BG424,BG42,BG4
000615164,Чепеларе,Chepelare,000615164,Смолян,BG424,BG42,BG4
000471536,Първомай,Parvomay,000471536,Пловдив,BG421,BG42,BG4
000614952,Баните,Banite,000614952,Смолян,BG424,BG42,BG4
000614967,Лъки,Laki,000614967,Пловдив,BG421,BG42,BG4
000614906,Доспат,Dospat,000614906,Смолян,BG424,BG42,BG4
000614856,Борино,Borino,000614856,Смолян,BG424,BG42,BG4
000817568,Братя Даскалови,Bratya Daskalovi,000817568,Стара Загора,BG344,BG34,BG3
000471123,Брезово,Brezovo,000471123,Пловдив,BG421,BG42,BG4
000261517,Кюстендил,Kyustendil,000261517,Кюстендил,BG415,BG41,BG4
000261541,Невестино,Nevestino,000261541,Кюстендил,BG415,BG41,BG4
000386662,Земен,Zemen,000386662,Перник,BG414,BG41,BG4
000386694,Ковачевци,Kovachevtsi,000386694,Перник,BG414,BG41,BG4
000776242,Елин Пелин,Elin Pelin,000776242,София област,BG412,BG41,BG4
000777216,Пирдоп,Pirdop,000777216,София област,BG412,BG41,BG4
000777223,Челопеч,Chelopech,000777223,София област,BG412,BG41,BG4
000776464,Златица,Zlatitsa,000776464,София област,BG412,BG41,BG4
000777230,Чавдар,Chavdar,000777230,София област,BG412,BG41,BG4
000777248,Мирково,Mirkovo,000777248,София област,BG412,BG41,BG4
000776178,Горна Малина,Gorna Malina,000776178,София област,BG412,BG41,BG4
000696327,Столична,Stolichna,000696327,София (столица),BG411,BG41,BG4
000386751,Перник,Pernik,000386751,Перник,BG414,BG41,BG4
000386776,Радомир,Radomir,000386776,Перник,BG414,BG41,BG4
000471543,Раковски,Rakovski,000471543,Пловдив,BG421,BG42,BG4
000471582,Садово,Sadovo,000471582,Пловдив,BG421,BG42,BG4
000261363,Бобов Дол,Bobov Dol,000261363,Кюстендил,BG415,BG41,BG4
000024987,Симитли,Simitli,000024987,Благоевград,BG413,BG41,BG4
000472200,Родопи,Rodopi,000472200,Пловдив,BG421,BG42,BG4
000351540,Батак,Batak,000351540,Пазарджик,BG423,BG42,BG4
000776331,Копривщица,Koprivshtitsa,000776331,София област,BG412,BG41,BG4
000471671,Хисаря,Hisarya,000471671,Пловдив,BG421,BG42,BG4
000471340,Калояново,Kaloyanovo,000471340,Пловдив,BG421,BG42,BG4
000351743,Панагюрище,Panagyurishte,000351743,Пазарджик,BG423,BG42,BG4
000351736,Пазарджик,Pazardzhik,000351736,Пазарджик,BG423,BG42,BG4
000351750,Пещера,Peshtera,000351750,Пазарджик,BG423,BG42,BG4
000351864,Стрелча,Strelcha,000351864,Пазарджик,BG423,BG42,BG4
000471640,Съединение,Saedinenie,000471640,Пловдив,BG421,BG42,BG4
000472182,Марица,Maritsa,000472182,Пловдив,BG421,BG42,BG4
000471504,Пловдив,Plovdiv,000471504,Пловдив,BG421,BG42,BG4
000351565,Брацигово,Bratsigovo,000351565,Пазарджик,BG423,BG42,BG4
115245280,Стамболийски,Stamboliyski,115245280,Пловдив,BG421,BG42,BG4
115244456,Кричим,Krichim,115244456,Пловдив,BG421,BG42,BG4
115246756,Перущица,Perushtitsa,115246756,Пловдив,BG421,BG42,BG4
000024695,Благоевград,Blagoevgrad,000024695,Благоевград,BG413,BG41,BG4
000261630,Дупница,Dupnitsa,000261630,Кюстендил,BG415,BG41,BG4
000261616,Сапарева Баня,Sapareva Banya,000261616,Кюстендил,BG415,BG41,BG4
000261370,Бобошево,Boboshevo,000261370,Кюстендил,BG415,BG41,BG4
000261598,Рила,Rila,000261598,Кюстендил,BG415,BG41,BG4
000261491,Кочериново,Kocherinovo,000261491,Кюстендил,BG415,BG41,BG4
000776299,Ихтиман,Ihtiman,000776299,София област,BG412,BG41,BG4
000776491,Самоков,Samokov,000776491,София област,BG412,BG41,BG4
122054941,Долна Баня,Dolna Banya,122054941,София област,BG412,BG41,BG4
000024948,Разлог,Razlog,000024948,Благоевград,BG413,BG41,BG4
000776349,Костенец,Kostenets,000776349,София област,BG412,BG41,BG4
000351693,Лесичово,Lesichovo,000351693,Пазарджик,BG423,BG42,BG4
000351825,Септември,Septemvri,000351825,Пазарджик,BG423,BG42,BG4
000351795,Ракитово,Rakitovo,000351795,Пазарджик,BG423,BG42,BG4
000024688,Белица,Belitsa,000024688,Благоевград,BG413,BG41,BG4
000025039,Якоруда,Yakoruda,000025039,Благоевград,BG413,BG41,BG4
000351558,Белово,Belovo,000351558,Пазарджик,BG423,BG42,BG4
176806228,Сърница,,176806228,Пазарджик,BG423,BG42,BG4
