day,chain,eik,store,place,code,name,category,our_retail_eur,our_promo_eur,currency,site_price,site_promo,site_url,site_checked_at_utc,result,note
2026-10-02,eBag,204786976,Кънвиниънс АД - Онлайн супермаркет eBag - https://www.ebag.bg/,,501711,Био Пюре Holle Спагети Болонезе 8м+ - 220 г,,1.58,,EUR,1.58,,https://www.ebag.bg/search/?products%5Bquery%5D=Holle%20%D0%A1%D0%BF%D0%B0%D0%B3%D0%B5%D1%82%D0%B8%20%D0%91%D0%BE%D0%BB%D0%BE%D0%BD%D0%B5%D0%B7%D0%B5,2026-10-02T13:01:15Z,съвпада,"found; same name and 220 g; no product permalink exposed, search URL given"
2026-10-02,eBag,204786976,Кънвиниънс АД - Онлайн супермаркет eBag - https://www.ebag.bg/,,145149,Мляко Hipp 3 Combiotic Junior 1г+ - 500 г,,10.99,,EUR,10.99,,https://www.ebag.bg/search/?products%5Bquery%5D=Hipp%20Combiotic%20Junior,2026-10-02T13:01:28Z,съвпада,found; same name and 500 g
2026-10-02,eBag,204786976,Кънвиниънс АД - Онлайн супермаркет eBag - https://www.ebag.bg/,,127563,Домати De Cecco на Парчета Пацетоне Консерва - 400 г,,1.87,,EUR,1.87,,https://www.ebag.bg/search/?products%5Bquery%5D=De%20Cecco%20%D0%B4%D0%BE%D0%BC%D0%B0%D1%82%D0%B8,2026-10-02T13:02:22Z,съвпада,found; same name and 400 g
2026-10-02,eBag,204786976,Кънвиниънс АД - Онлайн супермаркет eBag - https://www.ebag.bg/,,906626,"Бяло Вино Боровица Бел Муж Рикат, Шардоне, Совиньон Блан и Вионие - 700 мл",,15.33,,EUR,15.33,,https://www.ebag.bg/search/?products%5Bquery%5D=%D0%91%D0%BE%D1%80%D0%BE%D0%B2%D0%B8%D1%86%D0%B0%20%D0%91%D0%B5%D0%BB%20%D0%9C%D1%83%D0%B6,2026-10-02T13:01:41Z,съвпада,"found; site shows 750 ml, file name says 700 ml (same wine; size differs, price equal)"
2026-10-02,eBag,204786976,Кънвиниънс АД - Онлайн супермаркет eBag - https://www.ebag.bg/,,920273,Гел за Зъби Sante Sensitive Care с Витамин В12 без Флуорид - 75 мл,,6.95,,EUR,6.95,,https://www.ebag.bg/search/?products%5Bquery%5D=Sante%20Sensitive%20Care,2026-10-02T13:01:47Z,съвпада,found; same name and 75 ml
2026-10-02,Fantastiko,206255903,Ф43 - ул. Пирин 51а,,008514,"МАСЛИНИ КАЛАМОН БЕЗ КОСТИЛКА  1 КГ РЕГИНА, ГЪРЦИЯ",,7.19,,EUR,,,https://www.fantastico.bg/,2026-10-02T13:06:40Z,няма онлайн,"not found: fantastico.bg has no product catalogue or priced online shop (only leaflet flipbooks; /assortment lists departments only; online ordering is via Wolt/Glovo, third party). Checked time approximate. curl alone gets a Cloudflare challenge (not bypassed)"
2026-10-02,Fantastiko,206255903,"Ф42 - ул.'Йерусалим' 22, ж.к.'Младост'",,108348,МАСЛО КРАВЕ PRESIDENT ЛАЙТ 250 ГР,,5.99,,EUR,,,https://www.fantastico.bg/,2026-10-02T13:06:40Z,няма онлайн,"not found: fantastico.bg has no product catalogue or priced online shop (only leaflet flipbooks; /assortment lists departments only; online ordering is via Wolt/Glovo, third party). Checked time approximate. curl alone gets a Cloudflare challenge (not bypassed)"
2026-10-02,Fantastiko,206255903,Ф40 - ул. Николай Коперник №10,,115311,СОЛ  ТРАПЕЗНА ЙОДИРАНА 1 КГ ФАМИЛЕКС,,0.61,,EUR,,,https://www.fantastico.bg/,2026-10-02T13:06:40Z,няма онлайн,"not found: fantastico.bg has no product catalogue or priced online shop (only leaflet flipbooks; /assortment lists departments only; online ordering is via Wolt/Glovo, third party). Checked time approximate. curl alone gets a Cloudflare challenge (not bypassed)"
2026-10-02,Fantastiko,206255903,Ф17 - БУЛ. ХАН КУБРАТ № 26,,570222,ВИНО МЕРЛО ГАЛЕРИЯ 750 МЛ ТОДОРОВ,,,,,,,https://www.fantastico.bg/,2026-10-02T13:06:40Z,няма онлайн,"not found: fantastico.bg has no product catalogue or priced online shop (only leaflet flipbooks; /assortment lists departments only; online ordering is via Wolt/Glovo, third party). Checked time approximate. curl alone gets a Cloudflare challenge (not bypassed)"
2026-10-02,Fantastiko,206255903,Ф31 - УЛ. ТИРАНА №3,,166175,КРОАСАН 7 DAYS МАКС ДАБЪЛ КАКАО И ВАНИЛИЯ 92 ГР,,0.86,,EUR,,,https://www.fantastico.bg/,2026-10-02T13:06:40Z,няма онлайн,"not found: fantastico.bg has no product catalogue or priced online shop (only leaflet flipbooks; /assortment lists departments only; online ordering is via Wolt/Glovo, third party). Checked time approximate. curl alone gets a Cloudflare challenge (not bypassed)"
2026-10-02,DM,200150888,"Пловдив, ул.Шипка 6",,2172176,Botanic THERAPY Ш-н с/у накъсване 400ml,,3.7,,EUR,,,https://www.dm-drogeriemarkt.bg/search?query=Botanic%20THERAPY&searchProviderType=dm-products,2026-10-02T13:03:11Z,няма онлайн,"not found (ambiguous): file name is abbreviated ""Ш-н с/у накъсване 400ml"" (shampoo against breakage); site has several Garnier Botanic Therapy 400 ml shampoos at 3.70 EUR but none labelled anti-breakage; variant not confirmed"
2026-10-02,DM,200150888,"Ямбол, ул. Битоля 37",,1880220,HASK Шампоан за коса Кератин 355ml,,6.6,,EUR,,,https://www.dm-drogeriemarkt.bg/search?query=HASK%20%D1%88%D0%B0%D0%BC%D0%BF%D0%BE%D0%B0%D0%BD&searchProviderType=dm-products,2026-10-02T13:04:22Z,няма онлайн,not found: no HASK shampoo 355 ml on dm site (only keratin hair oil 18 ml and conditioner 50 ml)
2026-10-02,DM,200150888,"Габрово, ул.Станционна 13",,3024350,Nordics Детска пастаДъвка 2-6г 50ml,,2.9,,EUR,2.9,,https://www.dm-drogeriemarkt.bg/search?query=Nordics%20%D0%BF%D0%B0%D1%81%D1%82%D0%B0&searchProviderType=dm-products,2026-10-02T13:03:52Z,съвпада,"found: Nordics Детска паста за зъби Bubble Gum (2-6+ години) 50 ml; file name has no flavour, assumed same item (price equal)"
2026-10-02,DM,200150888,"Пловдив, ул. Кукленско шосе 8Б",,2941271,Schauma Шампоан за  коса Освежаващ 400ml,,2.2,,EUR,2.2,,https://www.dm-drogeriemarkt.bg/search?query=Schauma%20%D1%88%D0%B0%D0%BC%D0%BF%D0%BE%D0%B0%D0%BD&searchProviderType=dm-products,2026-10-02T13:03:59Z,съвпада,found: Schauma Шампоан за коса Освежаващ 400 ml
2026-10-02,DM,200150888,"Ямбол, ул. Битоля 37",,3037029,Pearl Drops Паста за зъби Smokers 50ml T,,2.75,,EUR,2.75,,https://www.dm-drogeriemarkt.bg/search?query=Pearl%20Drops&searchProviderType=dm-products,2026-10-02T13:04:08Z,съвпада,found: Pearl Drops Паста за зъби Smokers 50 ml
2026-10-02,Lilly Drogerie,201035329,ЛИЛИ ДРОГЕРИЕ ЕООД 2980 СМОЛЯН - СМОЛЯН Бул. България 58-Б,,25111,H6413 HIPP БИО ПЮРЕ ЗЕЛЕН ЧУЦИ&ТЕЛЕШКО 220ГР,,2.65,,EUR,2.65,,https://lillydrogerie.bg/h6413-bio-pjure-zelenchuci-teleshko-220-gr,2026-10-02T13:05:48Z,съвпада,"found: HIPP BIO Пюре Финни зеленчуци с ориз и телешко 8+ 6413, 220 g (file code H6413 is in the product name)"
2026-10-02,Lilly Drogerie,201035329,ЛИЛИ ДРОГЕРИЕ ЕООД 2950 ВАРНА 7 - ВАРНА ул.Баба Рада 2,,531239,ЛОРЕАЛ ЕЛСЕВ ШАМПОАН  ХИАЛУРОН 400МЛ,,6.69,4.29,EUR,6.69,4.29,https://lillydrogerie.bg/l-oreal-paris-elseve-hyaluron-plump-shampoan-400ml-531239,2026-10-02T13:05:33Z,съвпада,"found: struck-through 6.69, special price 4.29; code 531239 in URL"
2026-10-02,Lilly Drogerie,201035329,ЛИЛИ ДРОГЕРИЕ ЕООД 2990 САНДАНСКИ - САНДАНСКИ ул. Македония 6 - 8,,549807,SENSODYNE EXTRAWHITENING ПАСТА ЗА ЗЪБИ 75МЛ +33%,,5.55,,EUR,5.55,,https://lillydrogerie.bg/sensodyne-extra-whitening-pasta-za-z-bi-100ml-549807,2026-10-02T13:04:37Z,съвпада,"found by code 549807; site names it 100 ml, file says 75 ml +33% (= 100 ml pack); same product"
2026-10-02,Lilly Drogerie,201035329,ЛИЛИ ДРОГЕРИЕ ЕООД 3116 ВАРНА 9 - ВАРНА бул. Сливница - ул. Сахаров,,531529,ЛИЛИ АНТИБАКТЕРИАЛЕН ДЕЗИНФЕКЦИР ГЕЛ РЪЦЕ100МЛ,,1.38,,EUR,1.38,,https://lillydrogerie.bg/lilly-antibakterialen-dezinfekcirasch-gel-za-r-ce-100-ml-531529,2026-10-02T13:06:10Z,съвпада,found; code 531529 in URL
2026-10-02,Lilly Drogerie,201035329,ЛИЛИ ДРОГЕРИЕ ЕООД 2520 ПЛИСКА - СОФИЯ ул. Коста Лулчев 13,,4309,SCHAUMA MEN ШАМПОАН ЗА КОСА CLASSIC 250МЛ,,3.06,,EUR,3.06,,https://lillydrogerie.bg/schauma-for-men-m-zhki-shampoan-250-ml-4309,2026-10-02T13:05:30Z,съвпада,found; code 4309 in URL; site name SCHAUMA FOR MEN 250 ml (file says MEN CLASSIC 250)
2026-10-02,T Market,131324923,"гр. Приморско, ул. Перун 3-5",,1218419,Наденица ДЕЛИК. ЖИТНИЦА Макед.нас.вак.кг,,9.2,6.9,EUR,,,https://tmarket.bg/page/ceni-za-denya,2026-10-02T12:59:00Z,няма онлайн,"not found: tmarket.bg is not a priced online shop (CloudCart storefront returns ""no products"" for every search); the only prices on the site are the ""Цени за деня"" page = the same official daily price list, and leaflets. Checked time approximate"
2026-10-02,T Market,131324923,"гр. София, ж.к. Люлин 3, бул. Панчо Владигеров 44",,1300139,Сапун DOVE Original 90гр,,1.69,,EUR,,,https://tmarket.bg/page/ceni-za-denya,2026-10-02T12:59:00Z,няма онлайн,"not found: tmarket.bg is not a priced online shop (CloudCart storefront returns ""no products"" for every search); the only prices on the site are the ""Цени за деня"" page = the same official daily price list, and leaflets. Checked time approximate"
2026-10-02,T Market,131324923,"гр. Перник 2, кв. ""Изток"", ул. Благой Гебрев,  35А",,1088874,Краве сирене САЯНА 400гр,,4.04,,EUR,,,https://tmarket.bg/page/ceni-za-denya,2026-10-02T12:59:00Z,няма онлайн,"not found: tmarket.bg is not a priced online shop (CloudCart storefront returns ""no products"" for every search); the only prices on the site are the ""Цени за деня"" page = the same official daily price list, and leaflets. Checked time approximate"
2026-10-02,T Market,131324923,"гр. Бургас, кв. Славейков",,390136,Брашно СОФИЯ МЕЛ т.500 1 кг,,1.1,,EUR,,,https://tmarket.bg/page/ceni-za-denya,2026-10-02T12:59:00Z,няма онлайн,"not found: tmarket.bg is not a priced online shop (CloudCart storefront returns ""no products"" for every search); the only prices on the site are the ""Цени за деня"" page = the same official daily price list, and leaflets. Checked time approximate"
2026-10-02,T Market,131324923,"гр. Асеновград, ул. Александър Стамболийски 7",,395003,Прясно мляко ВЕРЕЯ 3% 1л,,1.56,,EUR,,,https://tmarket.bg/page/ceni-za-denya,2026-10-02T12:59:00Z,няма онлайн,"not found: tmarket.bg is not a priced online shop (CloudCart storefront returns ""no products"" for every search); the only prices on the site are the ""Цени за деня"" page = the same official daily price list, and leaflets. Checked time approximate"
2026-10-02,eBag,204786976,Кънвиниънс АД - Онлайн супермаркет eBag - https://www.ebag.bg/,,,Био Пюре Hipp Заешко с Картофи и Копър 4м+ 190 г,,1.89,1.7,,1.89,1.7,https://www.ebag.bg/categories/bio-mesni-piureta/4256,2026-10-02T13:07:39Z,съвпада,"extra: middle of category Био месни пюрета; site_promo = current price, site_price = struck-through | намерен по име във файла за 02.10 (допълнителен продукт)"
2026-10-02,eBag,204786976,Кънвиниънс АД - Онлайн супермаркет eBag - https://www.ebag.bg/,,,Био Меню в купичка Hipp Спагети Болонезе 250 г,,,,,3.29,2.93,https://www.ebag.bg/categories/bio-mesni-piureta/4256,2026-10-02T13:07:39Z,няма наш ред за деня,extra: middle of category Био месни пюрета
2026-10-02,eBag,204786976,Кънвиниънс АД - Онлайн супермаркет eBag - https://www.ebag.bg/,,,Био Пюре Bebivita Телешко със Зеленчуци и Ориз 12м+ 250 г,,,,,1.49,1.27,https://www.ebag.bg/categories/bio-mesni-piureta/4256,2026-10-02T13:07:39Z,няма наш ред за деня,extra: middle of category Био месни пюрета
2026-10-02,eBag,204786976,Кънвиниънс АД - Онлайн супермаркет eBag - https://www.ebag.bg/,,,Био Пюре Gerber Телешко с Пълнозърнести Спагети 12м+ 250 г,,2.39,2.01,,2.39,2.01,https://www.ebag.bg/categories/bio-mesni-piureta/4256,2026-10-02T13:07:39Z,съвпада,extra: middle of category Био месни пюрета | намерен по име във файла за 02.10 (допълнителен продукт)
2026-10-02,DM,,dm България онлайн магазин,,,Colgate Паста за зъби Max White One 2x75ml (150 ml),,,,,4.45,,https://www.dm-drogeriemarkt.bg/search?query=%D0%BF%D0%B0%D1%81%D1%82%D0%B0%20%D0%B7%D0%B0%20%D0%B7%D1%8A%D0%B1%D0%B8&searchProviderType=dm-products,2026-10-02T13:07:19Z,няма наш ред за деня,"extra: middle of search listing ""паста за зъби"""
2026-10-02,DM,,dm България онлайн магазин,,,Colgate Паста за зъби Triple Action 125 ml,,,,,1.9,,https://www.dm-drogeriemarkt.bg/search?query=%D0%BF%D0%B0%D1%81%D1%82%D0%B0%20%D0%B7%D0%B0%20%D0%B7%D1%8A%D0%B1%D0%B8&searchProviderType=dm-products,2026-10-02T13:07:19Z,няма наш ред за деня,"extra: middle of search listing ""паста за зъби"""
2026-10-02,DM,,dm България онлайн магазин,,,"Aquafresh Паста за зъби Triple action Mild&Minty 0,125 l",,,,,2.1,,https://www.dm-drogeriemarkt.bg/search?query=%D0%BF%D0%B0%D1%81%D1%82%D0%B0%20%D0%B7%D0%B0%20%D0%B7%D1%8A%D0%B1%D0%B8&searchProviderType=dm-products,2026-10-02T13:07:19Z,няма наш ред за деня,"extra: middle of search listing ""паста за зъби"""
2026-10-02,DM,,dm България онлайн магазин,,,elmex Паста за зъби Caries Protection двоен пакет 150 ml,,6.6,,,6.6,,https://www.dm-drogeriemarkt.bg/search?query=%D0%BF%D0%B0%D1%81%D1%82%D0%B0%20%D0%B7%D0%B0%20%D0%B7%D1%8A%D0%B1%D0%B8&searchProviderType=dm-products,2026-10-02T13:07:19Z,съвпада,"extra: middle of search listing ""паста за зъби"" | намерен по име във файла за 02.10 (допълнителен продукт)"
2026-10-02,Lilly Drogerie,,Лили Дрогерие онлайн магазин,,,NORDICS COMPLETE PRO Паста за зъби 75мл,,4.95,4.19,,4.95,4.19,https://lillydrogerie.bg/pasta-za-z-bi-75ml-549563,2026-10-02T13:07:46Z,съвпада,"extra: middle of search listing ""паста за зъби"" | намерен по име във файла за 02.10 (допълнителен продукт)"
2026-10-02,Lilly Drogerie,,Лили Дрогерие онлайн магазин,,,DENTILITY BLACK&WHITE Паста за зъби 100 мл,,,,,1.27,0.95,https://lillydrogerie.bg/blek-uajt-100ml-528217,2026-10-02T13:07:46Z,няма наш ред за деня,"extra: middle of search listing ""паста за зъби"""
2026-10-02,Lilly Drogerie,,Лили Дрогерие онлайн магазин,,,NORDICS SUPER WHITE Паста за зъби 75мл,,4.95,4.19,,4.95,4.19,https://lillydrogerie.bg/pasta-za-z-bi-75ml-549564,2026-10-02T13:07:46Z,съвпада,"extra: middle of search listing ""паста за зъби"" | намерен по име във файла за 02.10 (допълнителен продукт)"
2026-10-02,Lilly Drogerie,,Лили Дрогерие онлайн магазин,,,ORAL-B PROEX PROFPROTECT Паста за зъби 75мл,,,,,3.32,,https://lillydrogerie.bg/oral-b-proex-profprotect-pasta-za-z-bi-75ml-544556,2026-10-02T13:07:46Z,няма наш ред за деня,"extra: middle of search listing ""паста за зъби"""
2026-10-02,Lidl,131071587,244 - Бургас/ж.к. Братя Миладинови,,7700385,Бирен салам,,3.83,,EUR,,,https://www.lidl.bg/q/search,2026-10-02T12:59:30Z,няма онлайн,not found: lidl.bg online lists only weekly/non-food-heavy offers; no product with same name/brand/size (file name is a truncated internal description)
2026-10-02,Lidl,131071587,159 - Стара Загора/ул. Х.Д.Асенов3,,9000136,"Прясно сирене ;Адриатикос;""(OHT900g)""",,7.66,,EUR,,,https://www.lidl.bg/q/search,2026-10-02T12:59:30Z,няма онлайн,not found: lidl.bg online lists only weekly/non-food-heavy offers; no product with same name/brand/size (file name is a truncated internal description)
2026-10-02,Lidl,131071587,163 - Враца/ул. Васил Кънчов 21,,7208393,LB BulgaricumБяло саламур.кр.сирене,,5.99,,EUR,,,https://www.lidl.bg/q/search,2026-10-02T12:59:30Z,няма онлайн,not found: lidl.bg online lists only weekly/non-food-heavy offers; no product with same name/brand/size (file name is a truncated internal description)
2026-10-02,Lidl,131071587,168 - София/бул. Ал. Стамболийски,,7204478,"Hipp Меню морк,карт и сьомга 4+м",,1.89,,EUR,,,https://www.lidl.bg/q/search,2026-10-02T12:59:30Z,няма онлайн,not found: lidl.bg online lists only weekly/non-food-heavy offers; no product with same name/brand/size (file name is a truncated internal description)
2026-10-02,Lidl,131071587,236 - Шумен/бул. Ришки проход № 54,,7209600,Сал.сирене от кр.мляко с пов.вод.съ,,7.69,,EUR,,,https://www.lidl.bg/q/search,2026-10-02T12:59:30Z,няма онлайн,not found: lidl.bg online lists only weekly/non-food-heavy offers; no product with same name/brand/size (file name is a truncated internal description)
2026-10-02,Metro,121644736,"16 Метро Стара Загора - 6011, гр. Стара Загора, ул. Хрищян Войвода №30",,352522001001,10БР Р.ПУРИ ВИЛА ДОМИН.РОБУСТО,,40.5,0.0,EUR,,,https://www.metro.bg/,2026-10-02T12:58:00Z,няма онлайн,not found: metro.bg returns HTTP 403 Forbidden to automated reading; not bypassed
2026-10-02,Metro,121644736,"10 Метро София 1 - 1784, гр. София, бул. Цариградско шосе, 7-11 км",,332118001001,400Г ГРАХ ARO,,0.98,0.6,EUR,,,https://www.metro.bg/,2026-10-02T12:58:00Z,няма онлайн,not found: metro.bg returns HTTP 403 Forbidden to automated reading; not bypassed
2026-10-02,Metro,121644736,"25 Метро Пловдив 2 - 4205, с. Костиево, обл. Пловдив, общ. Марица, ул. Костиевска №1",,326897001001,БИО 1КГ КАФЕ RIOBA АРАБ.ЗЪРНА,,20.44,18.4,EUR,,,https://www.metro.bg/,2026-10-02T12:58:00Z,няма онлайн,not found: metro.bg returns HTTP 403 Forbidden to automated reading; not bypassed
2026-10-02,Metro,121644736,"10 Метро София 1 - 1784, гр. София, бул. Цариградско шосе, 7-11 км",,336681001001,720ГР ЛЮТЕНИЦА ПЪРВОМАЙ,,3.97,2.34,EUR,,,https://www.metro.bg/,2026-10-02T12:58:00Z,няма онлайн,not found: metro.bg returns HTTP 403 Forbidden to automated reading; not bypassed
2026-10-02,Metro,121644736,"16 Метро Стара Загора - 6011, гр. Стара Загора, ул. Хрищян Войвода №30",,352572001001,500Г ДОМАТЕНО ПЮРЕ PASATA MUTT,,2.09,1.79,EUR,,,https://www.metro.bg/,2026-10-02T12:58:00Z,няма онлайн,not found: metro.bg returns HTTP 403 Forbidden to automated reading; not bypassed
2026-10-02,Minimart (BGK),207064349,"Минимарт, 6007 гр. Стара Загора, ул. Христо Ботев № 123",,900004772,Сирене Краве Жоси 400 Гр.,,2.86,,EUR,2.86,,https://mini-mart.bg/wp-content/uploads/mini-mart-prices/prices.csv,2026-10-02T13:00:53Z,съвпада,found by code+store+name; mini-mart.bg itself has no product pages; price identical to 2026-10-01
2026-10-02,Minimart (BGK),207064349,"Минимарт, 1305 гр. София, район Красно село, ул. Пирински  проход №24А, ет. 1",,900003572,"Краве масло President 82% , 125гр",,3.19,,EUR,3.19,,https://mini-mart.bg/wp-content/uploads/mini-mart-prices/prices.csv,2026-10-02T13:00:53Z,съвпада,found by code+store+name; mini-mart.bg itself has no product pages; price identical to 2026-10-01
2026-10-02,Minimart (BGK),207064349,"Минимарт, 1238 гр. София, п.к. 1612, ул. Мъглен  № 2",,900001205,Шоколад Lacmi Млечен 90 Гр.,,1.86,,EUR,1.86,,https://mini-mart.bg/wp-content/uploads/mini-mart-prices/prices.csv,2026-10-02T13:00:53Z,съвпада,found by code+store+name; mini-mart.bg itself has no product pages; price identical to 2026-10-01
2026-10-02,Minimart (BGK),207064349,"Минимарт, 2321 гр. Перник, кв. Тева №107",,900005245,Вино Angel'S Estate Сов.Блан 750 Мл.,,6.99,,EUR,6.99,,https://mini-mart.bg/wp-content/uploads/mini-mart-prices/prices.csv,2026-10-02T13:00:53Z,съвпада,found by code+store+name; mini-mart.bg itself has no product pages; price identical to 2026-10-01
2026-10-02,Minimart (BGK),207064349,"Минимарт, 1050 гр. София, р-н Слатина, ул.Калиманци 75",,900007477,"Cheval Бяло Вино Совиньон Блан, 750 Мл.",,7.02,,EUR,7.02,,https://mini-mart.bg/wp-content/uploads/mini-mart-prices/prices.csv,2026-10-02T13:00:53Z,съвпада,found by code+store+name; mini-mart.bg itself has no product pages; price identical to 2026-10-01
2026-10-02,Lidl,131071587,lidl.bg online,,,ITALIAMO Проволоне,,,,,3.57,,https://www.lidl.bg/p/italiamo-provolone/p10063960,2026-10-02T13:03:00Z,няма наш ред за деня,extra; pack size not read from listing
2026-10-02,Lidl,131071587,lidl.bg online,,,ITALIAMO Куартироло Ломбардо,,,,,2.79,,https://www.lidl.bg/p/italiamo-kuartirolo-lombardo/p10063965,2026-10-02T13:03:00Z,няма наш ред за деня,extra; pack size not read from listing
2026-10-02,Lidl,131071587,lidl.bg online,,,MILBONA Био маскарпоне,,,,,2.49,,https://www.lidl.bg/p/milbona-bio-maskarpone/p10063594,2026-10-02T13:03:00Z,няма наш ред за деня,extra; pack size not read from listing
2026-10-02,Lidl,131071587,lidl.bg online,,,MILBONA Чедър,,,,,5.62,,https://www.lidl.bg/p/milbona-ced'r/p10063807,2026-10-02T13:03:00Z,няма наш ред за деня,"extra; pack size not read from listing; old price 8.43 struck through, current 5.62"
2026-10-02,Lidl,131071587,lidl.bg online,,,MILBONA Гауда,,,,,5.59,,https://www.lidl.bg/p/milbona-gauda/p10063833,2026-10-02T13:03:00Z,няма наш ред за деня,extra; pack size not read from listing
2026-10-02,Lidl,131071587,lidl.bg online,,,ITALIAMO Рикота,,,,,0.85,,https://www.lidl.bg/p/italiamo-rikota/p10063957,2026-10-02T13:03:00Z,няма наш ред за деня,extra; pack size not read from listing
2026-10-02,Kaufland,,kaufland.bg online offers,,,BELIISA Кашкавал от краве мляко 400 г,,,,,7.15,3.29,https://www.kaufland.bg/aktualni-predlozheniya/oferti.html,2026-10-02T13:00:00Z,няма наш ред за деня,"extra; site_price = struck-through old price, site_promo = offer price"
2026-10-02,Kaufland,,kaufland.bg online offers,,,Perfex Кухненска ролка Professional 1 бр.,,,,,3.27,1.53,https://www.kaufland.bg/aktualni-predlozheniya/oferti.html,2026-10-02T13:00:00Z,няма наш ред за деня,"extra; site_price = struck-through old price, site_promo = offer price"
2026-10-02,Kaufland,,kaufland.bg online offers,,,Мона Пастет различни видове 300 г,,,,,1.78,0.86,https://www.kaufland.bg/aktualni-predlozheniya/oferti.html,2026-10-02T13:00:00Z,няма наш ред за деня,"extra; site_price = struck-through old price, site_promo = offer price"
2026-10-02,Kaufland,,kaufland.bg online offers,,,Стария Ловец Филе по селски сурово-сушено кг,,,,,22.99,10.99,https://www.kaufland.bg/aktualni-predlozheniya/oferti.html,2026-10-02T13:00:00Z,няма наш ред за деня,"extra; site_price = struck-through old price, site_promo = offer price"
2026-10-02,Kaufland,,kaufland.bg online offers,,,Лимони 500 г мрежа,,,,,1.99,0.79,https://www.kaufland.bg/aktualni-predlozheniya/oferti.html,2026-10-02T13:00:00Z,няма наш ред за деня,"extra; site_price = struck-through old price, site_promo = offer price"
2026-10-02,Kaufland,,kaufland.bg online offers,,,Стария ловец Бански старец 600 г,,,,,10.22,4.59,https://www.kaufland.bg/aktualni-predlozheniya/oferti.html,2026-10-02T13:00:00Z,няма наш ред за деня,"extra; site_price = struck-through old price, site_promo = offer price"
2026-10-02,Billa,,billa.bg online,,,Трапезен хляб 500 г,,,,,1.16,1.07,https://www.billa.bg/,2026-10-02T13:01:07Z,няма наш ред за деня,"extra; site_price = old price, site_promo = new price with Billa Card"
2026-10-02,Billa,,billa.bg online,,,КЕН Салам Бургас 200 г,,,,,3.32,2.29,https://www.billa.bg/,2026-10-02T13:01:07Z,няма наш ред за деня,"extra; site_price = old price, site_promo = new price with Billa Card"
2026-10-02,Billa,,billa.bg online,,,BILLA Скир 500 г,,,,,1.94,1.39,https://www.billa.bg/,2026-10-02T13:01:07Z,няма наш ред за деня,"extra; site_price = old price, site_promo = new price with Billa Card"
2026-10-02,Billa,,billa.bg online,,,THE CHEFS Риба тон късчета в собствен сос 160 г,,,,,1.73,1.25,https://www.billa.bg/,2026-10-02T13:01:07Z,няма наш ред за деня,"extra; site_price = old price, site_promo = new price with Billa Card"
2026-10-02,Billa,,billa.bg online,,,NUCREMA Какаов крем 400 г,,,,,3.06,2.39,https://www.billa.bg/,2026-10-02T13:01:07Z,няма наш ред за деня,"extra; site_price = old price, site_promo = new price with Billa Card"
2026-10-02,Billa,,billa.bg online,,,GRANINI Сок 100% ябълка 1 л,,,,,2.70,2.09,https://www.billa.bg/,2026-10-02T13:01:07Z,няма наш ред за деня,"extra; site_price = old price, site_promo = new price with Billa Card"
2026-10-02,Kaufland,,,,,,,,,,,,https://www.kaufland.bg/,2026-10-02T13:00:00Z,няма онлайн,"no file candidates; assortment not published online, only offers"
