day,chain,eik,our_stores_2026_10_02,site_claim,site_list_count,source_url,source_wording,source_date,checked_at_utc,note
2026-10-02,Минимарт (БГК АД),207064349,358,,,https://minimart.bg,,,2026-10-02T13:08Z,"Site unreachable: minimart.bg DNS SERVFAIL (system resolver and 8.8.8.8), browser navigation failed. No number read. Not the same as bgk.bg (construction firm)."
2026-10-02,"Лагардер Травъл Ритейл (Relay, Inmedio etc.)",200241238,159,150+ (over 150),,https://www.lagardere-tr.bg/bg/za-nas/nakratko,"""верига от над 150 обекта""",no date on page (mentions 2025 sales; news Sept 2026),2026-10-02T13:07Z,Homepage shows presence in 38 cities; no store total on /bg/trgovski-obekti text. Locator list not counted (map).
2026-10-02,Лидл България,131071587,145,146,,https://corporate.lidl.bg/,"""компанията има 146 магазина в 63 населени места""",no date on page,2026-10-02T13:01Z,"Same homepage also says 147 stores (real-estate section); /za-lidl/nashata-istoriya says 143 in 61 places (stale, inconsistent). Locator lidl.bg/s/bg-BG/magazini/ not counted (dynamic)."
2026-10-02,Lilly Drogerie,201035329,135,130+ (over 130),,https://lillydrogerie.bg/about,"""веригата има над 130 магазина в страната""",no date on page,2026-10-02T13:05Z,Locator https://lillydrogerie.bg/stores needs city selection; not counted.
2026-10-02,T Market (Максима България),131324923,133,130,,https://tmarket.bg/,"homepage counter ""130 Обекта""",no date on page,2026-10-02T13:05Z,Locator https://tmarket.bg/page/nashite-magazini needs city selection; not counted.
2026-10-02,ДМ България (dm drogerie markt),200150888,120,120,,https://www.dm-drogeriemarkt.bg/za-dm-kontserna/za-nas/kratka-informaciq-za-dm,"""120 работещи магазина в 44 града""",no date on page,2026-10-02T13:04Z,"Search snippet of another dm page said 120+ in 45 cities, not read by me."
2026-10-02,Билла България,,,160+ (over 160),,https://www.billa.bg/za-billa/billa-koi-sme-nie/billa-v-bulgariya,"""над 160 магазина в 50 града в страната""",no date on page,2026-10-02T13:00Z,"Chain not in our top-14 file so no comparison count. Locator https://www.billa.bg/magazini loads lazily, could not get full count."
2026-10-02,Кауфланд България,,,71,,https://zanas.kaufland.bg/presa/novini-kaufland/2026/septemvri/kiseloto-mlyako-ostava-neizmenna-chast-ot-trapezata-na-b-lgarina,"""През 2026 г. компанията разполага със 71 хипермаркета в 35 града""",2026-09-02 (press release),2026-10-02T13:04Z,Official press page. Not in our top-14 file. Store locator not counted.
2026-10-02,Берьозка (Берьозка - България),201029124,52,,73 (my count of РАБОТНО ВРЕМЕ blocks; 70 have a phone),https://berezka.bg/bg/shops,no store total stated; about page is delivery marketing text,page footer mentions 02.10.2026 (unrelated euro notice),2026-10-02T13:07Z,"Site gives no number. List mixes Sofia, Varna and Sveti Vlas gastronomy shops; my count is approximate and may include non-grocery or duplicate entries."
2026-10-02,Авенти (АВАНТИ 777),105568755,48,45,,https://avanti-bg.com/about-us/,"""В момента в нея участват 45 магазина"" (plus 19 franchise)",no date on page (footer 2022),2026-10-02T13:09Z,"Avanti is a grocery chain here, not pharmacies. 45 own stores (Sofia, Varna, Burgas, V. Tarnovo) owned by Аванти 777 plus 19 franchise outlets. Locator /shops/ is grouped, not counted. Footer year 2022 suggests page may be old (unverified)."
2026-10-02,Бурлекс (ЦБА ЕАД),202420609,47,80+ (over 80),,https://burlex.bg/,"""Веригата има над 80 обекта""",no date on page,2026-10-02T13:08Z,"Also cba.bg says 172 outlets in 40 places 'as of December 2021' for the whole CBA group (over 18 months old, not Burleks-only). Burleks locator not counted."
2026-10-02,Фантастико (Фантастико Груп),206255903,42,47,"51 (my count of shop links; 3 are marked upcoming opening, so 48 open)",https://www.fantastico.bg/about,"""Днес компанията управлява 47 супермаркета""",no date on page,2026-10-02T13:02Z (about); list 13:03Z,"List https://www.fantastico.bg/shops. Plain HTTP clients get 403, read via browser. List count includes SkyCity Mall shop."
