no,kind,name,start,end
100,учредително,Учредително събрание,1879-02-10,1879-04-16
101,велико,I велико народно събрание,1879-04-17,1879-06-26
1,обикновено,I обикновено народно събрание,1879-10-21,1879-11-24
2,обикновено,II обикновено народно събрание,1880-03-23,1880-12-18
102,велико,II велико народно събрание,1881-07-01,1881-07-01
3,обикновено,III обикновено народно събрание,1882-12-10,1883-12-25
4,обикновено,IV обикновено народно събрание,1884-06-27,1886-09-06
103,велико,III велико народно събрание,1886-10-19,1887-08-03
5,обикновено,V обикновено народно събрание,1887-10-15,1889-12-17
6,обикновено,VI обикновено народно събрание,1890-10-15,1892-12-15
104,велико,IV велико народно събрание,1893-05-03,1893-05-17
7,обикновено,VII обикновено народно събрание,1893-10-15,1893-12-21
8,обикновено,VIII обикновено народно събрание,1894-10-15,1896-02-04
9,обикновено,IX обикновено народно събрание,1896-12-01,1898-12-19
10,обикновено,X обикновено народно събрание,1899-05-16,1900-11-29
11,обикновено,XI обикновено народно събрание,1901-02-22,1901-12-23
12,обикновено,XII обикновено народно събрание,1902-04-22,1903-03-31
13,обикновено,XIII обикновено народно събрание,1903-11-02,1907-12-22
14,обикновено,XIV обикновено народно събрание,1908-06-15,1911-02-15
105,велико,V велико народно събрание,1911-06-09,1911-07-09
15,обикновено,XV обикновено народно събрание,1911-10-15,1913-07-23
16,обикновено,XVI обикновено народно събрание,1913-12-19,1913-12-31
17,обикновено,XVII обикновено народно събрание,1914-03-20,1919-04-15
18,обикновено,XVIII обикновено народно събрание,1919-10-02,1920-02-20
19,обикновено,XIX обикновено народно събрание,1920-04-15,1923-03-11
20,обикновено,XX обикновено народно събрание,1923-05-21,1923-06-11
21,обикновено,XXI обикновено народно събрание,1923-12-09,1927-04-15
22,обикновено,XXII обикновено народно събрание,1927-06-19,1931-04-18
23,обикновено,XXIII обикновено народно събрание,1931-08-20,1934-05-19
24,обикновено,XXIV обикновено народно събрание,1938-05-22,1939-04-27
25,обикновено,XXV обикновено народно събрание,1940-02-24,1944-08-23
26,обикновено,XXVI обикновено народно събрание,1945-12-15,1946-09-28
106,велико,VI велико народно събрание,1946-11-07,1949-10-21
27,обикновено,I народно събрание,1950-01-17,1953-11-02
28,обикновено,II народно събрание,1954-01-14,1957-12-11
29,обикновено,III народно събрание,1958-01-13,1961-11-04
30,обикновено,IV народно събрание,1962-03-15,1965-12-08
31,обикновено,V народно събрание,1966-03-11,1971-05-18
32,обикновено,VI народно събрание,1971-07-07,1976-03-09
33,обикновено,VII народно събрание,1976-06-15,1981-04-07
34,обикновено,VIII народно събрание,1981-06-16,1986-03-21
35,обикновено,IX народно събрание,1986-06-17,1990-04-03
107,велико,VII велико народно събрание,1990-07-10,1991-10-02
36,обикновено,XXXVI народно събрание,1991-11-04,1994-10-17
37,обикновено,XXXVII народно събрание,1995-01-12,1997-02-13
38,обикновено,XXXVIII народно събрание,1997-05-07,2001-04-19
39,обикновено,XXXIX народно събрание,2001-07-05,2005-06-17
40,обикновено,XL народно събрание,2005-07-11,2009-06-25
41,обикновено,XLI народно събрание,2009-07-14,2013-03-14
42,обикновено,XLII народно събрание,2013-05-21,2014-08-05
43,обикновено,XLIII народно събрание,2014-10-27,2017-01-26
44,обикновено,XLIV народно събрание,2017-04-19,2021-03-26
45,обикновено,XLV народно събрание,2021-04-15,2021-05-11
46,обикновено,XLVI народно събрание,2021-07-21,2021-09-15
47,обикновено,XLVII народно събрание,2021-12-03,2022-08-01
48,обикновено,XLVIII народно събрание,2022-10-19,2023-02-02
49,обикновено,XLIX народно събрание,2023-04-12,2024-06-18
50,обикновено,L народно събрание,2024-06-19,2024-11-10
51,обикновено,LI народно събрание,2024-11-11,2026-04-29
52,обикновено,LII народно събрание,2026-04-30,
