code,title,unit,kind,definition,example,formula,sort
reg,Регистрирани престъпления,брой,count,"Общият брой регистрирани престъпления през годината, както е в таблицата на МВР. Регистрирано не е същото като извършено: част от престъпленията не стават известни, а регистрирането зависи и от сигнали и проверки.","Ако в една област са регистрирани 200 престъпления, това са 200 вписани случая, не всички престъпления в областта.",,1
reg_unknown,Регистрирани с неизвестен извършител,брой,count,"От регистрираните през годината: колко са с неизвестен извършител към момента на отчета.","От 200 регистрирани, 150 може да са без известен извършител.",,2
reg_attempts,"От регистрираните: опити",брой,count,"От регистрираните през годината: колко са останали опит.","От 200 регистрирани, 10 може да са опити.",,3
per100k,На 100 хиляди души,на 100 хил. души,rate,"Регистрираните престъпления на 100 хиляди души население, както ги пресмята МВР. Знаменателят (населението) не е в таблицата и не е наш.","При 200 регистрирани и население 40 000 души: 200 / 40 000 x 100 000 = 500.",регистрирани / население x 100 000,4
solved,Разкрити престъпления,брой,count,"Разкритите престъпления от регистрираните през същата година (колоната „Разкрити престъпления от регистрираните през текущата година“). Не включва разкритите през годината престъпления, регистрирани в предишни години: те са отделен показател.","От 200 регистрирани, 100 са разкрити до края на отчета.",,5
clearance,Разкриваемост,%,share,"Дял на разкритите от регистрираните през същата година, както го печата МВР. Проверяваме го срещу формулата и записваме ред, който не излиза до 0,01.","100 разкрити от 200 регистрирани: 100 / 200 x 100 = 50%.",разкрити / регистрирани x 100,6
solved_unknown,"Разкрити, регистрирани с неизвестен извършител",брой,count,"От регистрираните с неизвестен извършител: колко са разкрити.","От 150 регистрирани с неизвестен извършител, 50 са разкрити.",,7
share_solved_unknown,"Дял на разкритите с неизвестен извършител от всички разкрити",%,share,"Колко процента от разкритите престъпления са били регистрирани с неизвестен извършител.","50 от 100 разкрити: 50%.",,8
share_unknown_solved,"Дял на разкритите от регистрираните с неизвестен извършител",%,share,"Колко процента от регистрираните с неизвестен извършител са разкрити.","50 от 150: 33%.",,9
persons,Установени извършители,брой,count,"Лицата, установени по разкритите престъпления, регистрирани през годината. В рамките на отчетния период лицата се броят по един път за област, вид престъпление и пр. (бележката на МВР под таблицата), затова сборът по видове не е броят на отделните хора.","Един човек, установен за две кражби в една област, се брои веднъж за „кражба“ в тази област.",,10
persons_women,"Установени извършители: жени",брой,count,"От установените извършители: жените.",,,11
persons_minors,"Установени извършители: непълнолетни (14-17 г.)",брой,count,"От установените извършители: непълнолетните от 14 до 17 години.",,,12
persons_foreigners,"Установени извършители: чужденци",брой,count,"От установените извършители: чужденците.",,,13
solved_prev,"Разкрити, регистрирани в предишни години",брой,count,"Престъпления, регистрирани в предишни години и разкрити през текущата. Те не се броят в „Разкрити престъпления“ по-горе.","Кражба, регистрирана през декември и разкрита през януари, е разкрита през новата година, но е регистрирана през старата.",,14
persons_prev,"Установени извършители по тях",брой,count,"Установените извършители по престъпленията, регистрирани в предишни години и разкрити през текущата.",,,15
