resource_uri,check_id,scope,expected,got,with_resource,note
b6369887-19e0-479d-8f5b-c48e89f6dbb5,types_vs_structures,reg,91476,91612,b9a2090b-a4a4-4c7d-92b5-3c1466d0def2,"общият ред на таблицата по видове е 91 612 регистрирани, а на таблицата по структури е 91 476 (разкрити 44 538 срещу 44 539): двете таблици на МВР за 2016 г. не са равни"
b6369887-19e0-479d-8f5b-c48e89f6dbb5,types_vs_structures,solved,44539,44538,b9a2090b-a4a4-4c7d-92b5-3c1466d0def2,"общият ред на таблицата по видове е 91 612 регистрирани, а на таблицата по структури е 91 476 (разкрити 44 538 срещу 44 539): двете таблици на МВР за 2016 г. не са равни"
c662ffce-e849-4960-b895-3ff857a66b5c,blocks_vs_structures,reg:BG,84730,84786,a7f4f39b-0bf2-40e5-a30e-8f1b132a5cd3,"блокът на ГД „Борба с организираната престъпност“ е 100 регистрирани и 47 разкрити, а редът ѝ в таблицата по структури е 44 и 18; блокът на страната включва разликата"
c662ffce-e849-4960-b895-3ff857a66b5c,blocks_vs_structures,reg:GD-BOP,44,100,a7f4f39b-0bf2-40e5-a30e-8f1b132a5cd3,"блокът на ГД „Борба с организираната престъпност“ е 100 регистрирани и 47 разкрити, а редът ѝ в таблицата по структури е 44 и 18; блокът на страната включва разликата"
c662ffce-e849-4960-b895-3ff857a66b5c,blocks_vs_structures,solved:BG,41472,41501,a7f4f39b-0bf2-40e5-a30e-8f1b132a5cd3,"блокът на ГД „Борба с организираната престъпност“ е 100 регистрирани и 47 разкрити, а редът ѝ в таблицата по структури е 44 и 18; блокът на страната включва разликата"
c662ffce-e849-4960-b895-3ff857a66b5c,blocks_vs_structures,solved:GD-BOP,18,47,a7f4f39b-0bf2-40e5-a30e-8f1b132a5cd3,"блокът на ГД „Борба с организираната престъпност“ е 100 регистрирани и 47 разкрити, а редът ѝ в таблицата по структури е 44 и 18; блокът на страната включва разликата"
b7eba012-c3b8-4fd8-a931-ebc063e0629b,blocks_vs_structures,reg:BG,77674,77748,289905ed-0dac-49d6-9c47-d8b6df07b6f5,"блокът на Благоевград е 2 556 регистрирани и 1 394 разкрити, а редът му в таблицата по структури е 2 482 и 1 434; блокът на страната отразява същата разлика"
b7eba012-c3b8-4fd8-a931-ebc063e0629b,blocks_vs_structures,reg:BG413,2482,2556,289905ed-0dac-49d6-9c47-d8b6df07b6f5,"блокът на Благоевград е 2 556 регистрирани и 1 394 разкрити, а редът му в таблицата по структури е 2 482 и 1 434; блокът на страната отразява същата разлика"
b7eba012-c3b8-4fd8-a931-ebc063e0629b,blocks_vs_structures,solved:BG,39170,39130,289905ed-0dac-49d6-9c47-d8b6df07b6f5,"блокът на Благоевград е 2 556 регистрирани и 1 394 разкрити, а редът му в таблицата по структури е 2 482 и 1 434; блокът на страната отразява същата разлика"
b7eba012-c3b8-4fd8-a931-ebc063e0629b,blocks_vs_structures,solved:BG413,1434,1394,289905ed-0dac-49d6-9c47-d8b6df07b6f5,"блокът на Благоевград е 2 556 регистрирани и 1 394 разкрити, а редът му в таблицата по структури е 2 482 и 1 434; блокът на страната отразява същата разлика"
eb0edc37-1e22-450a-9980-4ceaa7489cb8,structures_sum,reg,73111,72714,,"таблицата по структури повтаря реда на Търговище и няма реда на ГД „Борба с организираната престъпност“: сборът на редовете е 72 714, общият ред е 73 111"
eb0edc37-1e22-450a-9980-4ceaa7489cb8,structures_sum,reg_unknown,59208,58811,,"таблицата по структури повтаря реда на Търговище и няма реда на ГД „Борба с организираната престъпност“: сборът на редовете е 72 714, общият ред е 73 111"
eb0edc37-1e22-450a-9980-4ceaa7489cb8,structures_sum,solved,38465,38407,,"таблицата по структури повтаря реда на Търговище и няма реда на ГД „Борба с организираната престъпност“: сборът на редовете е 72 714, общият ред е 73 111"
eb0edc37-1e22-450a-9980-4ceaa7489cb8,structures_sum,solved_unknown,26236,26178,,"таблицата по структури повтаря реда на Търговище и няма реда на ГД „Борба с организираната престъпност“: сборът на редовете е 72 714, общият ред е 73 111"
1deb8bd3-3d82-49f7-9703-7066994a1be5,blocks_vs_structures,reg:BG,73111,72714,eb0edc37-1e22-450a-9980-4ceaa7489cb8,"блоковете по видове за 2023 г. са без ГД „Борба с организираната престъпност“: областите правят 72 714 регистрирани, общият ред е 73 111"
1deb8bd3-3d82-49f7-9703-7066994a1be5,blocks_vs_structures,solved:BG,38465,38407,eb0edc37-1e22-450a-9980-4ceaa7489cb8,"блоковете по видове за 2023 г. са без ГД „Борба с организираната престъпност“: областите правят 72 714 регистрирани, общият ред е 73 111"
