code,name,kind,oblast,sort,aliases
BG311,Видин,oblast,Видин,1,Видин
BG312,Монтана,oblast,Монтана,2,Монтана
BG313,Враца,oblast,Враца,3,Враца
BG314,Плевен,oblast,Плевен,4,Плевен
BG315,Ловеч,oblast,Ловеч,5,Ловеч
BG321,Велико Търново,oblast,Велико Търново,6,Велико Търново
BG322,Габрово,oblast,Габрово,7,Габрово
BG323,Русе,oblast,Русе,8,Русе
BG324,Разград,oblast,Разград,9,Разград
BG325,Силистра,oblast,Силистра,10,Силистра
BG331,Варна,oblast,Варна,11,Варна
BG332,Добрич,oblast,Добрич,12,Добрич
BG333,Шумен,oblast,Шумен,13,Шумен
BG334,Търговище,oblast,Търговище,14,Търговище
BG341,Бургас,oblast,Бургас,15,Бургас
BG342,Сливен,oblast,Сливен,16,Сливен
BG343,Ямбол,oblast,Ямбол,17,Ямбол
BG344,Стара Загора,oblast,Стара Загора,18,Стара Загора
BG411,София (столица),oblast,София (столица),19,Град София|София - град|София-град|София (столица)|СДВР
BG412,София област,oblast,София област,20,Софийска|София област|София|Софийска област
BG413,Благоевград,oblast,Благоевград,21,Благоевград
BG414,Перник,oblast,Перник,22,Перник
BG415,Кюстендил,oblast,Кюстендил,23,Кюстендил
BG421,Пловдив,oblast,Пловдив,24,Пловдив
BG422,Хасково,oblast,Хасково,25,Хасково
BG423,Пазарджик,oblast,Пазарджик,26,Пазарджик
BG424,Смолян,oblast,Смолян,27,Смолян
BG425,Кърджали,oblast,Кърджали,28,Кърджали
GD-NP,ГД „Национална полиция“,gd,,101,"ГД ""Национална полиция""|ГД Национална полиция|Национална полиция"
GD-GP,ГД „Гранична полиция“,gd,,102,"ГД ""Гранична полиция""|ГД Гранична полиция|Гранична полиция"
GD-BOP,ГД „Борба с организираната престъпност“,gd,,103,"ГД ""Борба с организираната престъпност""|ГД Борба с организираната престъпност"
BG,Цялата страна,country,,0,"Общ брой|Общо за страната|Общо за Р България|Общо за Р, България|Общо"
