code,name_bg,group_bg,source_url,group_source_url
1,Бял хляб от 500 гр. до 1 кг,Хляб и зърнени храни,https://kzp.bg/upload/54730/%D0%A1%D0%9F%D0%98%D0%A1%D0%AA%D0%9A%20%D0%BD%D0%B0%20%D1%81%D1%82%D0%BE%D0%BA%D0%B8%20%D0%BE%D1%82%20%D0%B3%D0%BE%D0%BB%D1%8F%D0%BC%D0%B0%D1%82%D0%B0%20%D0%BF%D0%BE%D1%82%D1%80%D0%B5%D0%B1%D0%B8%D1%82%D0%B5%D0%BB%D1%81%D0%BA%D0%B0%20%D0%BA%D0%BE%D1%88%D0%BD%D0%B8%D1%86%D0%B0%20%D1%81%D1%8A%D0%B3%D0%BB.%20%D1%87%D0%BB.55%D0%B1%20%D0%B0%D0%BB.1%20%D0%97%D0%92%D0%95%D0%A0%D0%91%20V.2.pdf,https://kolkostruva.bg/compare
2,Хляб Добруджа от 500 гр. до 1 кг,Хляб и зърнени храни,https://kzp.bg/upload/54730/%D0%A1%D0%9F%D0%98%D0%A1%D0%AA%D0%9A%20%D0%BD%D0%B0%20%D1%81%D1%82%D0%BE%D0%BA%D0%B8%20%D0%BE%D1%82%20%D0%B3%D0%BE%D0%BB%D1%8F%D0%BC%D0%B0%D1%82%D0%B0%20%D0%BF%D0%BE%D1%82%D1%80%D0%B5%D0%B1%D0%B8%D1%82%D0%B5%D0%BB%D1%81%D0%BA%D0%B0%20%D0%BA%D0%BE%D1%88%D0%BD%D0%B8%D1%86%D0%B0%20%D1%81%D1%8A%D0%B3%D0%BB.%20%D1%87%D0%BB.55%D0%B1%20%D0%B0%D0%BB.1%20%D0%97%D0%92%D0%95%D0%A0%D0%91%20V.2.pdf,https://kolkostruva.bg/compare
3,Ръжен хляб от 400 гр. до 600 гр.,Хляб и зърнени храни,https://kzp.bg/upload/54730/%D0%A1%D0%9F%D0%98%D0%A1%D0%AA%D0%9A%20%D0%BD%D0%B0%20%D1%81%D1%82%D0%BE%D0%BA%D0%B8%20%D0%BE%D1%82%20%D0%B3%D0%BE%D0%BB%D1%8F%D0%BC%D0%B0%D1%82%D0%B0%20%D0%BF%D0%BE%D1%82%D1%80%D0%B5%D0%B1%D0%B8%D1%82%D0%B5%D0%BB%D1%81%D0%BA%D0%B0%20%D0%BA%D0%BE%D1%88%D0%BD%D0%B8%D1%86%D0%B0%20%D1%81%D1%8A%D0%B3%D0%BB.%20%D1%87%D0%BB.55%D0%B1%20%D0%B0%D0%BB.1%20%D0%97%D0%92%D0%95%D0%A0%D0%91%20V.2.pdf,https://kolkostruva.bg/compare
4,Типов хляб от 400 гр. до 600 гр.,Хляб и зърнени храни,https://kzp.bg/upload/54730/%D0%A1%D0%9F%D0%98%D0%A1%D0%AA%D0%9A%20%D0%BD%D0%B0%20%D1%81%D1%82%D0%BE%D0%BA%D0%B8%20%D0%BE%D1%82%20%D0%B3%D0%BE%D0%BB%D1%8F%D0%BC%D0%B0%D1%82%D0%B0%20%D0%BF%D0%BE%D1%82%D1%80%D0%B5%D0%B1%D0%B8%D1%82%D0%B5%D0%BB%D1%81%D0%BA%D0%B0%20%D0%BA%D0%BE%D1%88%D0%BD%D0%B8%D1%86%D0%B0%20%D1%81%D1%8A%D0%B3%D0%BB.%20%D1%87%D0%BB.55%D0%B1%20%D0%B0%D0%BB.1%20%D0%97%D0%92%D0%95%D0%A0%D0%91%20V.2.pdf,https://kolkostruva.bg/compare
5,Точени кори от 400 гр. до 500 гр.,Хляб и зърнени храни,https://kzp.bg/upload/54730/%D0%A1%D0%9F%D0%98%D0%A1%D0%AA%D0%9A%20%D0%BD%D0%B0%20%D1%81%D1%82%D0%BE%D0%BA%D0%B8%20%D0%BE%D1%82%20%D0%B3%D0%BE%D0%BB%D1%8F%D0%BC%D0%B0%D1%82%D0%B0%20%D0%BF%D0%BE%D1%82%D1%80%D0%B5%D0%B1%D0%B8%D1%82%D0%B5%D0%BB%D1%81%D0%BA%D0%B0%20%D0%BA%D0%BE%D1%88%D0%BD%D0%B8%D1%86%D0%B0%20%D1%81%D1%8A%D0%B3%D0%BB.%20%D1%87%D0%BB.55%D0%B1%20%D0%B0%D0%BB.1%20%D0%97%D0%92%D0%95%D0%A0%D0%91%20V.2.pdf,https://kolkostruva.bg/compare
6,Прясно мляко от 2 % до 3.6 % 1 л,"Мляко, млечни продукти и яйца",https://kzp.bg/upload/54730/%D0%A1%D0%9F%D0%98%D0%A1%D0%AA%D0%9A%20%D0%BD%D0%B0%20%D1%81%D1%82%D0%BE%D0%BA%D0%B8%20%D0%BE%D1%82%20%D0%B3%D0%BE%D0%BB%D1%8F%D0%BC%D0%B0%D1%82%D0%B0%20%D0%BF%D0%BE%D1%82%D1%80%D0%B5%D0%B1%D0%B8%D1%82%D0%B5%D0%BB%D1%81%D0%BA%D0%B0%20%D0%BA%D0%BE%D1%88%D0%BD%D0%B8%D1%86%D0%B0%20%D1%81%D1%8A%D0%B3%D0%BB.%20%D1%87%D0%BB.55%D0%B1%20%D0%B0%D0%BB.1%20%D0%97%D0%92%D0%95%D0%A0%D0%91%20V.2.pdf,https://kolkostruva.bg/compare
7,Кисело мляко от 2 % до 3.6 % в кофички от 370 гр. до 500 гр.,"Мляко, млечни продукти и яйца",https://kzp.bg/upload/54730/%D0%A1%D0%9F%D0%98%D0%A1%D0%AA%D0%9A%20%D0%BD%D0%B0%20%D1%81%D1%82%D0%BE%D0%BA%D0%B8%20%D0%BE%D1%82%20%D0%B3%D0%BE%D0%BB%D1%8F%D0%BC%D0%B0%D1%82%D0%B0%20%D0%BF%D0%BE%D1%82%D1%80%D0%B5%D0%B1%D0%B8%D1%82%D0%B5%D0%BB%D1%81%D0%BA%D0%B0%20%D0%BA%D0%BE%D1%88%D0%BD%D0%B8%D1%86%D0%B0%20%D1%81%D1%8A%D0%B3%D0%BB.%20%D1%87%D0%BB.55%D0%B1%20%D0%B0%D0%BB.1%20%D0%97%D0%92%D0%95%D0%A0%D0%91%20V.2.pdf,https://kolkostruva.bg/compare
8,Сирене от краве мляко насипно 1 кг,"Мляко, млечни продукти и яйца",https://kzp.bg/upload/54730/%D0%A1%D0%9F%D0%98%D0%A1%D0%AA%D0%9A%20%D0%BD%D0%B0%20%D1%81%D1%82%D0%BE%D0%BA%D0%B8%20%D0%BE%D1%82%20%D0%B3%D0%BE%D0%BB%D1%8F%D0%BC%D0%B0%D1%82%D0%B0%20%D0%BF%D0%BE%D1%82%D1%80%D0%B5%D0%B1%D0%B8%D1%82%D0%B5%D0%BB%D1%81%D0%BA%D0%B0%20%D0%BA%D0%BE%D1%88%D0%BD%D0%B8%D1%86%D0%B0%20%D1%81%D1%8A%D0%B3%D0%BB.%20%D1%87%D0%BB.55%D0%B1%20%D0%B0%D0%BB.1%20%D0%97%D0%92%D0%95%D0%A0%D0%91%20V.2.pdf,https://kolkostruva.bg/compare
9,Сирене от краве мляко пакетирано от 200 гр. до 1 кг,"Мляко, млечни продукти и яйца",https://kzp.bg/upload/54730/%D0%A1%D0%9F%D0%98%D0%A1%D0%AA%D0%9A%20%D0%BD%D0%B0%20%D1%81%D1%82%D0%BE%D0%BA%D0%B8%20%D0%BE%D1%82%20%D0%B3%D0%BE%D0%BB%D1%8F%D0%BC%D0%B0%D1%82%D0%B0%20%D0%BF%D0%BE%D1%82%D1%80%D0%B5%D0%B1%D0%B8%D1%82%D0%B5%D0%BB%D1%81%D0%BA%D0%B0%20%D0%BA%D0%BE%D1%88%D0%BD%D0%B8%D1%86%D0%B0%20%D1%81%D1%8A%D0%B3%D0%BB.%20%D1%87%D0%BB.55%D0%B1%20%D0%B0%D0%BB.1%20%D0%97%D0%92%D0%95%D0%A0%D0%91%20V.2.pdf,https://kolkostruva.bg/compare
10,Кашкавал от краве мляко насипно 1 кг,"Мляко, млечни продукти и яйца",https://kzp.bg/upload/54730/%D0%A1%D0%9F%D0%98%D0%A1%D0%AA%D0%9A%20%D0%BD%D0%B0%20%D1%81%D1%82%D0%BE%D0%BA%D0%B8%20%D0%BE%D1%82%20%D0%B3%D0%BE%D0%BB%D1%8F%D0%BC%D0%B0%D1%82%D0%B0%20%D0%BF%D0%BE%D1%82%D1%80%D0%B5%D0%B1%D0%B8%D1%82%D0%B5%D0%BB%D1%81%D0%BA%D0%B0%20%D0%BA%D0%BE%D1%88%D0%BD%D0%B8%D1%86%D0%B0%20%D1%81%D1%8A%D0%B3%D0%BB.%20%D1%87%D0%BB.55%D0%B1%20%D0%B0%D0%BB.1%20%D0%97%D0%92%D0%95%D0%A0%D0%91%20V.2.pdf,https://kolkostruva.bg/compare
11,Кашкавал от краве мляко пакетирано от 200 гр. до 1 кг,"Мляко, млечни продукти и яйца",https://kzp.bg/upload/54730/%D0%A1%D0%9F%D0%98%D0%A1%D0%AA%D0%9A%20%D0%BD%D0%B0%20%D1%81%D1%82%D0%BE%D0%BA%D0%B8%20%D0%BE%D1%82%20%D0%B3%D0%BE%D0%BB%D1%8F%D0%BC%D0%B0%D1%82%D0%B0%20%D0%BF%D0%BE%D1%82%D1%80%D0%B5%D0%B1%D0%B8%D1%82%D0%B5%D0%BB%D1%81%D0%BA%D0%B0%20%D0%BA%D0%BE%D1%88%D0%BD%D0%B8%D1%86%D0%B0%20%D1%81%D1%8A%D0%B3%D0%BB.%20%D1%87%D0%BB.55%D0%B1%20%D0%B0%D0%BB.1%20%D0%97%D0%92%D0%95%D0%A0%D0%91%20V.2.pdf,https://kolkostruva.bg/compare
12,Краве масло от 125 гр. до 250 гр.,Животински и растителни масла и мазнини,https://kzp.bg/upload/54730/%D0%A1%D0%9F%D0%98%D0%A1%D0%AA%D0%9A%20%D0%BD%D0%B0%20%D1%81%D1%82%D0%BE%D0%BA%D0%B8%20%D0%BE%D1%82%20%D0%B3%D0%BE%D0%BB%D1%8F%D0%BC%D0%B0%D1%82%D0%B0%20%D0%BF%D0%BE%D1%82%D1%80%D0%B5%D0%B1%D0%B8%D1%82%D0%B5%D0%BB%D1%81%D0%BA%D0%B0%20%D0%BA%D0%BE%D1%88%D0%BD%D0%B8%D1%86%D0%B0%20%D1%81%D1%8A%D0%B3%D0%BB.%20%D1%87%D0%BB.55%D0%B1%20%D0%B0%D0%BB.1%20%D0%97%D0%92%D0%95%D0%A0%D0%91%20V.2.pdf,https://kolkostruva.bg/compare
13,Извара насипна 1 кг,"Мляко, млечни продукти и яйца",https://kzp.bg/upload/54730/%D0%A1%D0%9F%D0%98%D0%A1%D0%AA%D0%9A%20%D0%BD%D0%B0%20%D1%81%D1%82%D0%BE%D0%BA%D0%B8%20%D0%BE%D1%82%20%D0%B3%D0%BE%D0%BB%D1%8F%D0%BC%D0%B0%D1%82%D0%B0%20%D0%BF%D0%BE%D1%82%D1%80%D0%B5%D0%B1%D0%B8%D1%82%D0%B5%D0%BB%D1%81%D0%BA%D0%B0%20%D0%BA%D0%BE%D1%88%D0%BD%D0%B8%D1%86%D0%B0%20%D1%81%D1%8A%D0%B3%D0%BB.%20%D1%87%D0%BB.55%D0%B1%20%D0%B0%D0%BB.1%20%D0%97%D0%92%D0%95%D0%A0%D0%91%20V.2.pdf,https://kolkostruva.bg/compare
14,Извара пакетирана от 200 гр. до 1 кг,"Мляко, млечни продукти и яйца",https://kzp.bg/upload/54730/%D0%A1%D0%9F%D0%98%D0%A1%D0%AA%D0%9A%20%D0%BD%D0%B0%20%D1%81%D1%82%D0%BE%D0%BA%D0%B8%20%D0%BE%D1%82%20%D0%B3%D0%BE%D0%BB%D1%8F%D0%BC%D0%B0%D1%82%D0%B0%20%D0%BF%D0%BE%D1%82%D1%80%D0%B5%D0%B1%D0%B8%D1%82%D0%B5%D0%BB%D1%81%D0%BA%D0%B0%20%D0%BA%D0%BE%D1%88%D0%BD%D0%B8%D1%86%D0%B0%20%D1%81%D1%8A%D0%B3%D0%BB.%20%D1%87%D0%BB.55%D0%B1%20%D0%B0%D0%BB.1%20%D0%97%D0%92%D0%95%D0%A0%D0%91%20V.2.pdf,https://kolkostruva.bg/compare
15,Прясно охладено пиле 1 кг (цяло),Месо и месни продукти,https://kzp.bg/upload/54730/%D0%A1%D0%9F%D0%98%D0%A1%D0%AA%D0%9A%20%D0%BD%D0%B0%20%D1%81%D1%82%D0%BE%D0%BA%D0%B8%20%D0%BE%D1%82%20%D0%B3%D0%BE%D0%BB%D1%8F%D0%BC%D0%B0%D1%82%D0%B0%20%D0%BF%D0%BE%D1%82%D1%80%D0%B5%D0%B1%D0%B8%D1%82%D0%B5%D0%BB%D1%81%D0%BA%D0%B0%20%D0%BA%D0%BE%D1%88%D0%BD%D0%B8%D1%86%D0%B0%20%D1%81%D1%8A%D0%B3%D0%BB.%20%D1%87%D0%BB.55%D0%B1%20%D0%B0%D0%BB.1%20%D0%97%D0%92%D0%95%D0%A0%D0%91%20V.2.pdf,https://kolkostruva.bg/compare
16,"Пилешко филе, охладено, 1 кг",Месо и месни продукти,https://kzp.bg/upload/54730/%D0%A1%D0%9F%D0%98%D0%A1%D0%AA%D0%9A%20%D0%BD%D0%B0%20%D1%81%D1%82%D0%BE%D0%BA%D0%B8%20%D0%BE%D1%82%20%D0%B3%D0%BE%D0%BB%D1%8F%D0%BC%D0%B0%D1%82%D0%B0%20%D0%BF%D0%BE%D1%82%D1%80%D0%B5%D0%B1%D0%B8%D1%82%D0%B5%D0%BB%D1%81%D0%BA%D0%B0%20%D0%BA%D0%BE%D1%88%D0%BD%D0%B8%D1%86%D0%B0%20%D1%81%D1%8A%D0%B3%D0%BB.%20%D1%87%D0%BB.55%D0%B1%20%D0%B0%D0%BB.1%20%D0%97%D0%92%D0%95%D0%A0%D0%91%20V.2.pdf,https://kolkostruva.bg/compare
17,"Пилешки бут, цял, охладен 1 кг",Месо и месни продукти,https://kzp.bg/upload/54730/%D0%A1%D0%9F%D0%98%D0%A1%D0%AA%D0%9A%20%D0%BD%D0%B0%20%D1%81%D1%82%D0%BE%D0%BA%D0%B8%20%D0%BE%D1%82%20%D0%B3%D0%BE%D0%BB%D1%8F%D0%BC%D0%B0%D1%82%D0%B0%20%D0%BF%D0%BE%D1%82%D1%80%D0%B5%D0%B1%D0%B8%D1%82%D0%B5%D0%BB%D1%81%D0%BA%D0%B0%20%D0%BA%D0%BE%D1%88%D0%BD%D0%B8%D1%86%D0%B0%20%D1%81%D1%8A%D0%B3%D0%BB.%20%D1%87%D0%BB.55%D0%B1%20%D0%B0%D0%BB.1%20%D0%97%D0%92%D0%95%D0%A0%D0%91%20V.2.pdf,https://kolkostruva.bg/compare
18,Прясно свинско месо плешка 1 кг,Месо и месни продукти,https://kzp.bg/upload/54730/%D0%A1%D0%9F%D0%98%D0%A1%D0%AA%D0%9A%20%D0%BD%D0%B0%20%D1%81%D1%82%D0%BE%D0%BA%D0%B8%20%D0%BE%D1%82%20%D0%B3%D0%BE%D0%BB%D1%8F%D0%BC%D0%B0%D1%82%D0%B0%20%D0%BF%D0%BE%D1%82%D1%80%D0%B5%D0%B1%D0%B8%D1%82%D0%B5%D0%BB%D1%81%D0%BA%D0%B0%20%D0%BA%D0%BE%D1%88%D0%BD%D0%B8%D1%86%D0%B0%20%D1%81%D1%8A%D0%B3%D0%BB.%20%D1%87%D0%BB.55%D0%B1%20%D0%B0%D0%BB.1%20%D0%97%D0%92%D0%95%D0%A0%D0%91%20V.2.pdf,https://kolkostruva.bg/compare
19,Прясно свинско месо бут 1 кг,Месо и месни продукти,https://kzp.bg/upload/54730/%D0%A1%D0%9F%D0%98%D0%A1%D0%AA%D0%9A%20%D0%BD%D0%B0%20%D1%81%D1%82%D0%BE%D0%BA%D0%B8%20%D0%BE%D1%82%20%D0%B3%D0%BE%D0%BB%D1%8F%D0%BC%D0%B0%D1%82%D0%B0%20%D0%BF%D0%BE%D1%82%D1%80%D0%B5%D0%B1%D0%B8%D1%82%D0%B5%D0%BB%D1%81%D0%BA%D0%B0%20%D0%BA%D0%BE%D1%88%D0%BD%D0%B8%D1%86%D0%B0%20%D1%81%D1%8A%D0%B3%D0%BB.%20%D1%87%D0%BB.55%D0%B1%20%D0%B0%D0%BB.1%20%D0%97%D0%92%D0%95%D0%A0%D0%91%20V.2.pdf,https://kolkostruva.bg/compare
20,Прясно свинско месо шол 1 кг,Месо и месни продукти,https://kzp.bg/upload/54730/%D0%A1%D0%9F%D0%98%D0%A1%D0%AA%D0%9A%20%D0%BD%D0%B0%20%D1%81%D1%82%D0%BE%D0%BA%D0%B8%20%D0%BE%D1%82%20%D0%B3%D0%BE%D0%BB%D1%8F%D0%BC%D0%B0%D1%82%D0%B0%20%D0%BF%D0%BE%D1%82%D1%80%D0%B5%D0%B1%D0%B8%D1%82%D0%B5%D0%BB%D1%81%D0%BA%D0%B0%20%D0%BA%D0%BE%D1%88%D0%BD%D0%B8%D1%86%D0%B0%20%D1%81%D1%8A%D0%B3%D0%BB.%20%D1%87%D0%BB.55%D0%B1%20%D0%B0%D0%BB.1%20%D0%97%D0%92%D0%95%D0%A0%D0%91%20V.2.pdf,https://kolkostruva.bg/compare
21,Прясно свинско месо врат 1 кг,Месо и месни продукти,https://kzp.bg/upload/54730/%D0%A1%D0%9F%D0%98%D0%A1%D0%AA%D0%9A%20%D0%BD%D0%B0%20%D1%81%D1%82%D0%BE%D0%BA%D0%B8%20%D0%BE%D1%82%20%D0%B3%D0%BE%D0%BB%D1%8F%D0%BC%D0%B0%D1%82%D0%B0%20%D0%BF%D0%BE%D1%82%D1%80%D0%B5%D0%B1%D0%B8%D1%82%D0%B5%D0%BB%D1%81%D0%BA%D0%B0%20%D0%BA%D0%BE%D1%88%D0%BD%D0%B8%D1%86%D0%B0%20%D1%81%D1%8A%D0%B3%D0%BB.%20%D1%87%D0%BB.55%D0%B1%20%D0%B0%D0%BB.1%20%D0%97%D0%92%D0%95%D0%A0%D0%91%20V.2.pdf,https://kolkostruva.bg/compare
22,Свинско месо за готвене 1 кг,Месо и месни продукти,https://kzp.bg/upload/54730/%D0%A1%D0%9F%D0%98%D0%A1%D0%AA%D0%9A%20%D0%BD%D0%B0%20%D1%81%D1%82%D0%BE%D0%BA%D0%B8%20%D0%BE%D1%82%20%D0%B3%D0%BE%D0%BB%D1%8F%D0%BC%D0%B0%D1%82%D0%B0%20%D0%BF%D0%BE%D1%82%D1%80%D0%B5%D0%B1%D0%B8%D1%82%D0%B5%D0%BB%D1%81%D0%BA%D0%B0%20%D0%BA%D0%BE%D1%88%D0%BD%D0%B8%D1%86%D0%B0%20%D1%81%D1%8A%D0%B3%D0%BB.%20%D1%87%D0%BB.55%D0%B1%20%D0%B0%D0%BB.1%20%D0%97%D0%92%D0%95%D0%A0%D0%91%20V.2.pdf,https://kolkostruva.bg/compare
23,Телешко месо шол 1 кг,Месо и месни продукти,https://kzp.bg/upload/54730/%D0%A1%D0%9F%D0%98%D0%A1%D0%AA%D0%9A%20%D0%BD%D0%B0%20%D1%81%D1%82%D0%BE%D0%BA%D0%B8%20%D0%BE%D1%82%20%D0%B3%D0%BE%D0%BB%D1%8F%D0%BC%D0%B0%D1%82%D0%B0%20%D0%BF%D0%BE%D1%82%D1%80%D0%B5%D0%B1%D0%B8%D1%82%D0%B5%D0%BB%D1%81%D0%BA%D0%B0%20%D0%BA%D0%BE%D1%88%D0%BD%D0%B8%D1%86%D0%B0%20%D1%81%D1%8A%D0%B3%D0%BB.%20%D1%87%D0%BB.55%D0%B1%20%D0%B0%D0%BB.1%20%D0%97%D0%92%D0%95%D0%A0%D0%91%20V.2.pdf,https://kolkostruva.bg/compare
24,Телешко месо за готвене 1 кг,Месо и месни продукти,https://kzp.bg/upload/54730/%D0%A1%D0%9F%D0%98%D0%A1%D0%AA%D0%9A%20%D0%BD%D0%B0%20%D1%81%D1%82%D0%BE%D0%BA%D0%B8%20%D0%BE%D1%82%20%D0%B3%D0%BE%D0%BB%D1%8F%D0%BC%D0%B0%D1%82%D0%B0%20%D0%BF%D0%BE%D1%82%D1%80%D0%B5%D0%B1%D0%B8%D1%82%D0%B5%D0%BB%D1%81%D0%BA%D0%B0%20%D0%BA%D0%BE%D1%88%D0%BD%D0%B8%D1%86%D0%B0%20%D1%81%D1%8A%D0%B3%D0%BB.%20%D1%87%D0%BB.55%D0%B1%20%D0%B0%D0%BB.1%20%D0%97%D0%92%D0%95%D0%A0%D0%91%20V.2.pdf,https://kolkostruva.bg/compare
25,"Мляно месо смес 60/40, насипно за 1 кг",Месо и месни продукти,https://kzp.bg/upload/54730/%D0%A1%D0%9F%D0%98%D0%A1%D0%AA%D0%9A%20%D0%BD%D0%B0%20%D1%81%D1%82%D0%BE%D0%BA%D0%B8%20%D0%BE%D1%82%20%D0%B3%D0%BE%D0%BB%D1%8F%D0%BC%D0%B0%D1%82%D0%B0%20%D0%BF%D0%BE%D1%82%D1%80%D0%B5%D0%B1%D0%B8%D1%82%D0%B5%D0%BB%D1%81%D0%BA%D0%B0%20%D0%BA%D0%BE%D1%88%D0%BD%D0%B8%D1%86%D0%B0%20%D1%81%D1%8A%D0%B3%D0%BB.%20%D1%87%D0%BB.55%D0%B1%20%D0%B0%D0%BB.1%20%D0%97%D0%92%D0%95%D0%A0%D0%91%20V.2.pdf,https://kolkostruva.bg/compare
26,"Кренвирши, насипни за 1 кг",Месо и месни продукти,https://kzp.bg/upload/54730/%D0%A1%D0%9F%D0%98%D0%A1%D0%AA%D0%9A%20%D0%BD%D0%B0%20%D1%81%D1%82%D0%BE%D0%BA%D0%B8%20%D0%BE%D1%82%20%D0%B3%D0%BE%D0%BB%D1%8F%D0%BC%D0%B0%D1%82%D0%B0%20%D0%BF%D0%BE%D1%82%D1%80%D0%B5%D0%B1%D0%B8%D1%82%D0%B5%D0%BB%D1%81%D0%BA%D0%B0%20%D0%BA%D0%BE%D1%88%D0%BD%D0%B8%D1%86%D0%B0%20%D1%81%D1%8A%D0%B3%D0%BB.%20%D1%87%D0%BB.55%D0%B1%20%D0%B0%D0%BB.1%20%D0%97%D0%92%D0%95%D0%A0%D0%91%20V.2.pdf,https://kolkostruva.bg/compare
27,Колбаси пресни от 300 гр. до 1 кг,Месо и месни продукти,https://kzp.bg/upload/54730/%D0%A1%D0%9F%D0%98%D0%A1%D0%AA%D0%9A%20%D0%BD%D0%B0%20%D1%81%D1%82%D0%BE%D0%BA%D0%B8%20%D0%BE%D1%82%20%D0%B3%D0%BE%D0%BB%D1%8F%D0%BC%D0%B0%D1%82%D0%B0%20%D0%BF%D0%BE%D1%82%D1%80%D0%B5%D0%B1%D0%B8%D1%82%D0%B5%D0%BB%D1%81%D0%BA%D0%B0%20%D0%BA%D0%BE%D1%88%D0%BD%D0%B8%D1%86%D0%B0%20%D1%81%D1%8A%D0%B3%D0%BB.%20%D1%87%D0%BB.55%D0%B1%20%D0%B0%D0%BB.1%20%D0%97%D0%92%D0%95%D0%A0%D0%91%20V.2.pdf,https://kolkostruva.bg/compare
28,"Колбаси сухи (Шпек, Бургас, Деликатесен) от 250 гр. до 1 кг",Месо и месни продукти,https://kzp.bg/upload/54730/%D0%A1%D0%9F%D0%98%D0%A1%D0%AA%D0%9A%20%D0%BD%D0%B0%20%D1%81%D1%82%D0%BE%D0%BA%D0%B8%20%D0%BE%D1%82%20%D0%B3%D0%BE%D0%BB%D1%8F%D0%BC%D0%B0%D1%82%D0%B0%20%D0%BF%D0%BE%D1%82%D1%80%D0%B5%D0%B1%D0%B8%D1%82%D0%B5%D0%BB%D1%81%D0%BA%D0%B0%20%D0%BA%D0%BE%D1%88%D0%BD%D0%B8%D1%86%D0%B0%20%D1%81%D1%8A%D0%B3%D0%BB.%20%D1%87%D0%BB.55%D0%B1%20%D0%B0%D0%BB.1%20%D0%97%D0%92%D0%95%D0%A0%D0%91%20V.2.pdf,https://kolkostruva.bg/compare
29,"Риба замразена (скумрия, пъстърва, лаврак, ципура) 1 кг",Риба и други морски храни,https://kzp.bg/upload/54730/%D0%A1%D0%9F%D0%98%D0%A1%D0%AA%D0%9A%20%D0%BD%D0%B0%20%D1%81%D1%82%D0%BE%D0%BA%D0%B8%20%D0%BE%D1%82%20%D0%B3%D0%BE%D0%BB%D1%8F%D0%BC%D0%B0%D1%82%D0%B0%20%D0%BF%D0%BE%D1%82%D1%80%D0%B5%D0%B1%D0%B8%D1%82%D0%B5%D0%BB%D1%81%D0%BA%D0%B0%20%D0%BA%D0%BE%D1%88%D0%BD%D0%B8%D1%86%D0%B0%20%D1%81%D1%8A%D0%B3%D0%BB.%20%D1%87%D0%BB.55%D0%B1%20%D0%B0%D0%BB.1%20%D0%97%D0%92%D0%95%D0%A0%D0%91%20V.2.pdf,https://kolkostruva.bg/compare
30,"Риба охладена (скумрия, пъстърва, лаврак, ципура) 1 кг",Риба и други морски храни,https://kzp.bg/upload/54730/%D0%A1%D0%9F%D0%98%D0%A1%D0%AA%D0%9A%20%D0%BD%D0%B0%20%D1%81%D1%82%D0%BE%D0%BA%D0%B8%20%D0%BE%D1%82%20%D0%B3%D0%BE%D0%BB%D1%8F%D0%BC%D0%B0%D1%82%D0%B0%20%D0%BF%D0%BE%D1%82%D1%80%D0%B5%D0%B1%D0%B8%D1%82%D0%B5%D0%BB%D1%81%D0%BA%D0%B0%20%D0%BA%D0%BE%D1%88%D0%BD%D0%B8%D1%86%D0%B0%20%D1%81%D1%8A%D0%B3%D0%BB.%20%D1%87%D0%BB.55%D0%B1%20%D0%B0%D0%BB.1%20%D0%97%D0%92%D0%95%D0%A0%D0%91%20V.2.pdf,https://kolkostruva.bg/compare
31,Яйца размер М от 6 бр. до 10 бр. Подово отглеждане,"Мляко, млечни продукти и яйца",https://kzp.bg/upload/54730/%D0%A1%D0%9F%D0%98%D0%A1%D0%AA%D0%9A%20%D0%BD%D0%B0%20%D1%81%D1%82%D0%BE%D0%BA%D0%B8%20%D0%BE%D1%82%20%D0%B3%D0%BE%D0%BB%D1%8F%D0%BC%D0%B0%D1%82%D0%B0%20%D0%BF%D0%BE%D1%82%D1%80%D0%B5%D0%B1%D0%B8%D1%82%D0%B5%D0%BB%D1%81%D0%BA%D0%B0%20%D0%BA%D0%BE%D1%88%D0%BD%D0%B8%D1%86%D0%B0%20%D1%81%D1%8A%D0%B3%D0%BB.%20%D1%87%D0%BB.55%D0%B1%20%D0%B0%D0%BB.1%20%D0%97%D0%92%D0%95%D0%A0%D0%91%20V.2.pdf,https://kolkostruva.bg/compare
32,Яйца размер L 6 бр. до 10 бр. Подово отглеждане,"Мляко, млечни продукти и яйца",https://kzp.bg/upload/54730/%D0%A1%D0%9F%D0%98%D0%A1%D0%AA%D0%9A%20%D0%BD%D0%B0%20%D1%81%D1%82%D0%BE%D0%BA%D0%B8%20%D0%BE%D1%82%20%D0%B3%D0%BE%D0%BB%D1%8F%D0%BC%D0%B0%D1%82%D0%B0%20%D0%BF%D0%BE%D1%82%D1%80%D0%B5%D0%B1%D0%B8%D1%82%D0%B5%D0%BB%D1%81%D0%BA%D0%B0%20%D0%BA%D0%BE%D1%88%D0%BD%D0%B8%D1%86%D0%B0%20%D1%81%D1%8A%D0%B3%D0%BB.%20%D1%87%D0%BB.55%D0%B1%20%D0%B0%D0%BB.1%20%D0%97%D0%92%D0%95%D0%A0%D0%91%20V.2.pdf,https://kolkostruva.bg/compare
33,"Боб, пакетиран 1 кг",Зеленчуци,https://kzp.bg/upload/54730/%D0%A1%D0%9F%D0%98%D0%A1%D0%AA%D0%9A%20%D0%BD%D0%B0%20%D1%81%D1%82%D0%BE%D0%BA%D0%B8%20%D0%BE%D1%82%20%D0%B3%D0%BE%D0%BB%D1%8F%D0%BC%D0%B0%D1%82%D0%B0%20%D0%BF%D0%BE%D1%82%D1%80%D0%B5%D0%B1%D0%B8%D1%82%D0%B5%D0%BB%D1%81%D0%BA%D0%B0%20%D0%BA%D0%BE%D1%88%D0%BD%D0%B8%D1%86%D0%B0%20%D1%81%D1%8A%D0%B3%D0%BB.%20%D1%87%D0%BB.55%D0%B1%20%D0%B0%D0%BB.1%20%D0%97%D0%92%D0%95%D0%A0%D0%91%20V.2.pdf,https://kolkostruva.bg/compare
34,"Леща, пакетиран 1 кг",Зеленчуци,https://kzp.bg/upload/54730/%D0%A1%D0%9F%D0%98%D0%A1%D0%AA%D0%9A%20%D0%BD%D0%B0%20%D1%81%D1%82%D0%BE%D0%BA%D0%B8%20%D0%BE%D1%82%20%D0%B3%D0%BE%D0%BB%D1%8F%D0%BC%D0%B0%D1%82%D0%B0%20%D0%BF%D0%BE%D1%82%D1%80%D0%B5%D0%B1%D0%B8%D1%82%D0%B5%D0%BB%D1%81%D0%BA%D0%B0%20%D0%BA%D0%BE%D1%88%D0%BD%D0%B8%D1%86%D0%B0%20%D1%81%D1%8A%D0%B3%D0%BB.%20%D1%87%D0%BB.55%D0%B1%20%D0%B0%D0%BB.1%20%D0%97%D0%92%D0%95%D0%A0%D0%91%20V.2.pdf,https://kolkostruva.bg/compare
35,Бисерен ориз 1 кг,Хляб и зърнени храни,https://kzp.bg/upload/54730/%D0%A1%D0%9F%D0%98%D0%A1%D0%AA%D0%9A%20%D0%BD%D0%B0%20%D1%81%D1%82%D0%BE%D0%BA%D0%B8%20%D0%BE%D1%82%20%D0%B3%D0%BE%D0%BB%D1%8F%D0%BC%D0%B0%D1%82%D0%B0%20%D0%BF%D0%BE%D1%82%D1%80%D0%B5%D0%B1%D0%B8%D1%82%D0%B5%D0%BB%D1%81%D0%BA%D0%B0%20%D0%BA%D0%BE%D1%88%D0%BD%D0%B8%D1%86%D0%B0%20%D1%81%D1%8A%D0%B3%D0%BB.%20%D1%87%D0%BB.55%D0%B1%20%D0%B0%D0%BB.1%20%D0%97%D0%92%D0%95%D0%A0%D0%91%20V.2.pdf,https://kolkostruva.bg/compare
36,Макарони от 400 гр. до 500 гр.,Хляб и зърнени храни,https://kzp.bg/upload/54730/%D0%A1%D0%9F%D0%98%D0%A1%D0%AA%D0%9A%20%D0%BD%D0%B0%20%D1%81%D1%82%D0%BE%D0%BA%D0%B8%20%D0%BE%D1%82%20%D0%B3%D0%BE%D0%BB%D1%8F%D0%BC%D0%B0%D1%82%D0%B0%20%D0%BF%D0%BE%D1%82%D1%80%D0%B5%D0%B1%D0%B8%D1%82%D0%B5%D0%BB%D1%81%D0%BA%D0%B0%20%D0%BA%D0%BE%D1%88%D0%BD%D0%B8%D1%86%D0%B0%20%D1%81%D1%8A%D0%B3%D0%BB.%20%D1%87%D0%BB.55%D0%B1%20%D0%B0%D0%BB.1%20%D0%97%D0%92%D0%95%D0%A0%D0%91%20V.2.pdf,https://kolkostruva.bg/compare
37,"Спагети (№ 3, № 5 и № 10) 500 гр.",Хляб и зърнени храни,https://kzp.bg/upload/54730/%D0%A1%D0%9F%D0%98%D0%A1%D0%AA%D0%9A%20%D0%BD%D0%B0%20%D1%81%D1%82%D0%BE%D0%BA%D0%B8%20%D0%BE%D1%82%20%D0%B3%D0%BE%D0%BB%D1%8F%D0%BC%D0%B0%D1%82%D0%B0%20%D0%BF%D0%BE%D1%82%D1%80%D0%B5%D0%B1%D0%B8%D1%82%D0%B5%D0%BB%D1%81%D0%BA%D0%B0%20%D0%BA%D0%BE%D1%88%D0%BD%D0%B8%D1%86%D0%B0%20%D1%81%D1%8A%D0%B3%D0%BB.%20%D1%87%D0%BB.55%D0%B1%20%D0%B0%D0%BB.1%20%D0%97%D0%92%D0%95%D0%A0%D0%91%20V.2.pdf,https://kolkostruva.bg/compare
38,Бяла захар 1 кг,Захар и захарни изделия,https://kzp.bg/upload/54730/%D0%A1%D0%9F%D0%98%D0%A1%D0%AA%D0%9A%20%D0%BD%D0%B0%20%D1%81%D1%82%D0%BE%D0%BA%D0%B8%20%D0%BE%D1%82%20%D0%B3%D0%BE%D0%BB%D1%8F%D0%BC%D0%B0%D1%82%D0%B0%20%D0%BF%D0%BE%D1%82%D1%80%D0%B5%D0%B1%D0%B8%D1%82%D0%B5%D0%BB%D1%81%D0%BA%D0%B0%20%D0%BA%D0%BE%D1%88%D0%BD%D0%B8%D1%86%D0%B0%20%D1%81%D1%8A%D0%B3%D0%BB.%20%D1%87%D0%BB.55%D0%B1%20%D0%B0%D0%BB.1%20%D0%97%D0%92%D0%95%D0%A0%D0%91%20V.2.pdf,https://kolkostruva.bg/compare
39,Готварска сол 1 кг,Други хранителни продукти,https://kzp.bg/upload/54730/%D0%A1%D0%9F%D0%98%D0%A1%D0%AA%D0%9A%20%D0%BD%D0%B0%20%D1%81%D1%82%D0%BE%D0%BA%D0%B8%20%D0%BE%D1%82%20%D0%B3%D0%BE%D0%BB%D1%8F%D0%BC%D0%B0%D1%82%D0%B0%20%D0%BF%D0%BE%D1%82%D1%80%D0%B5%D0%B1%D0%B8%D1%82%D0%B5%D0%BB%D1%81%D0%BA%D0%B0%20%D0%BA%D0%BE%D1%88%D0%BD%D0%B8%D1%86%D0%B0%20%D1%81%D1%8A%D0%B3%D0%BB.%20%D1%87%D0%BB.55%D0%B1%20%D0%B0%D0%BB.1%20%D0%97%D0%92%D0%95%D0%A0%D0%91%20V.2.pdf,https://kolkostruva.bg/compare
40,Брашно тип 500 1 кг,Хляб и зърнени храни,https://kzp.bg/upload/54730/%D0%A1%D0%9F%D0%98%D0%A1%D0%AA%D0%9A%20%D0%BD%D0%B0%20%D1%81%D1%82%D0%BE%D0%BA%D0%B8%20%D0%BE%D1%82%20%D0%B3%D0%BE%D0%BB%D1%8F%D0%BC%D0%B0%D1%82%D0%B0%20%D0%BF%D0%BE%D1%82%D1%80%D0%B5%D0%B1%D0%B8%D1%82%D0%B5%D0%BB%D1%81%D0%BA%D0%B0%20%D0%BA%D0%BE%D1%88%D0%BD%D0%B8%D1%86%D0%B0%20%D1%81%D1%8A%D0%B3%D0%BB.%20%D1%87%D0%BB.55%D0%B1%20%D0%B0%D0%BB.1%20%D0%97%D0%92%D0%95%D0%A0%D0%91%20V.2.pdf,https://kolkostruva.bg/compare
41,Брашно екстра 1 кг,Хляб и зърнени храни,https://kzp.bg/upload/54730/%D0%A1%D0%9F%D0%98%D0%A1%D0%AA%D0%9A%20%D0%BD%D0%B0%20%D1%81%D1%82%D0%BE%D0%BA%D0%B8%20%D0%BE%D1%82%20%D0%B3%D0%BE%D0%BB%D1%8F%D0%BC%D0%B0%D1%82%D0%B0%20%D0%BF%D0%BE%D1%82%D1%80%D0%B5%D0%B1%D0%B8%D1%82%D0%B5%D0%BB%D1%81%D0%BA%D0%B0%20%D0%BA%D0%BE%D1%88%D0%BD%D0%B8%D1%86%D0%B0%20%D1%81%D1%8A%D0%B3%D0%BB.%20%D1%87%D0%BB.55%D0%B1%20%D0%B0%D0%BB.1%20%D0%97%D0%92%D0%95%D0%A0%D0%91%20V.2.pdf,https://kolkostruva.bg/compare
42,Олио слънчогледово 1 л,Животински и растителни масла и мазнини,https://kzp.bg/upload/54730/%D0%A1%D0%9F%D0%98%D0%A1%D0%AA%D0%9A%20%D0%BD%D0%B0%20%D1%81%D1%82%D0%BE%D0%BA%D0%B8%20%D0%BE%D1%82%20%D0%B3%D0%BE%D0%BB%D1%8F%D0%BC%D0%B0%D1%82%D0%B0%20%D0%BF%D0%BE%D1%82%D1%80%D0%B5%D0%B1%D0%B8%D1%82%D0%B5%D0%BB%D1%81%D0%BA%D0%B0%20%D0%BA%D0%BE%D1%88%D0%BD%D0%B8%D1%86%D0%B0%20%D1%81%D1%8A%D0%B3%D0%BB.%20%D1%87%D0%BB.55%D0%B1%20%D0%B0%D0%BB.1%20%D0%97%D0%92%D0%95%D0%A0%D0%91%20V.2.pdf,https://kolkostruva.bg/compare
43,Зехтин 1л,Животински и растителни масла и мазнини,https://kzp.bg/upload/54730/%D0%A1%D0%9F%D0%98%D0%A1%D0%AA%D0%9A%20%D0%BD%D0%B0%20%D1%81%D1%82%D0%BE%D0%BA%D0%B8%20%D0%BE%D1%82%20%D0%B3%D0%BE%D0%BB%D1%8F%D0%BC%D0%B0%D1%82%D0%B0%20%D0%BF%D0%BE%D1%82%D1%80%D0%B5%D0%B1%D0%B8%D1%82%D0%B5%D0%BB%D1%81%D0%BA%D0%B0%20%D0%BA%D0%BE%D1%88%D0%BD%D0%B8%D1%86%D0%B0%20%D1%81%D1%8A%D0%B3%D0%BB.%20%D1%87%D0%BB.55%D0%B1%20%D0%B0%D0%BB.1%20%D0%97%D0%92%D0%95%D0%A0%D0%91%20V.2.pdf,https://kolkostruva.bg/compare
44,Винен оцет 700 мл.,Други хранителни продукти,https://kzp.bg/upload/54730/%D0%A1%D0%9F%D0%98%D0%A1%D0%AA%D0%9A%20%D0%BD%D0%B0%20%D1%81%D1%82%D0%BE%D0%BA%D0%B8%20%D0%BE%D1%82%20%D0%B3%D0%BE%D0%BB%D1%8F%D0%BC%D0%B0%D1%82%D0%B0%20%D0%BF%D0%BE%D1%82%D1%80%D0%B5%D0%B1%D0%B8%D1%82%D0%B5%D0%BB%D1%81%D0%BA%D0%B0%20%D0%BA%D0%BE%D1%88%D0%BD%D0%B8%D1%86%D0%B0%20%D1%81%D1%8A%D0%B3%D0%BB.%20%D1%87%D0%BB.55%D0%B1%20%D0%B0%D0%BB.1%20%D0%97%D0%92%D0%95%D0%A0%D0%91%20V.2.pdf,https://kolkostruva.bg/compare
45,Ябълков оцет 700 мл.,Други хранителни продукти,https://kzp.bg/upload/54730/%D0%A1%D0%9F%D0%98%D0%A1%D0%AA%D0%9A%20%D0%BD%D0%B0%20%D1%81%D1%82%D0%BE%D0%BA%D0%B8%20%D0%BE%D1%82%20%D0%B3%D0%BE%D0%BB%D1%8F%D0%BC%D0%B0%D1%82%D0%B0%20%D0%BF%D0%BE%D1%82%D1%80%D0%B5%D0%B1%D0%B8%D1%82%D0%B5%D0%BB%D1%81%D0%BA%D0%B0%20%D0%BA%D0%BE%D1%88%D0%BD%D0%B8%D1%86%D0%B0%20%D1%81%D1%8A%D0%B3%D0%BB.%20%D1%87%D0%BB.55%D0%B1%20%D0%B0%D0%BB.1%20%D0%97%D0%92%D0%95%D0%A0%D0%91%20V.2.pdf,https://kolkostruva.bg/compare
46,"Консерви боб, от 400 гр. до 800 гр.",Зеленчуци,https://kzp.bg/upload/54730/%D0%A1%D0%9F%D0%98%D0%A1%D0%AA%D0%9A%20%D0%BD%D0%B0%20%D1%81%D1%82%D0%BE%D0%BA%D0%B8%20%D0%BE%D1%82%20%D0%B3%D0%BE%D0%BB%D1%8F%D0%BC%D0%B0%D1%82%D0%B0%20%D0%BF%D0%BE%D1%82%D1%80%D0%B5%D0%B1%D0%B8%D1%82%D0%B5%D0%BB%D1%81%D0%BA%D0%B0%20%D0%BA%D0%BE%D1%88%D0%BD%D0%B8%D1%86%D0%B0%20%D1%81%D1%8A%D0%B3%D0%BB.%20%D1%87%D0%BB.55%D0%B1%20%D0%B0%D0%BB.1%20%D0%97%D0%92%D0%95%D0%A0%D0%91%20V.2.pdf,https://kolkostruva.bg/compare
47,"Консерви грах, от 400 гр. до 800 гр.",Зеленчуци,https://kzp.bg/upload/54730/%D0%A1%D0%9F%D0%98%D0%A1%D0%AA%D0%9A%20%D0%BD%D0%B0%20%D1%81%D1%82%D0%BE%D0%BA%D0%B8%20%D0%BE%D1%82%20%D0%B3%D0%BE%D0%BB%D1%8F%D0%BC%D0%B0%D1%82%D0%B0%20%D0%BF%D0%BE%D1%82%D1%80%D0%B5%D0%B1%D0%B8%D1%82%D0%B5%D0%BB%D1%81%D0%BA%D0%B0%20%D0%BA%D0%BE%D1%88%D0%BD%D0%B8%D1%86%D0%B0%20%D1%81%D1%8A%D0%B3%D0%BB.%20%D1%87%D0%BB.55%D0%B1%20%D0%B0%D0%BB.1%20%D0%97%D0%92%D0%95%D0%A0%D0%91%20V.2.pdf,https://kolkostruva.bg/compare
48,"Консервирани домати, от 400 гр. до 800 гр.",Зеленчуци,https://kzp.bg/upload/54730/%D0%A1%D0%9F%D0%98%D0%A1%D0%AA%D0%9A%20%D0%BD%D0%B0%20%D1%81%D1%82%D0%BE%D0%BA%D0%B8%20%D0%BE%D1%82%20%D0%B3%D0%BE%D0%BB%D1%8F%D0%BC%D0%B0%D1%82%D0%B0%20%D0%BF%D0%BE%D1%82%D1%80%D0%B5%D0%B1%D0%B8%D1%82%D0%B5%D0%BB%D1%81%D0%BA%D0%B0%20%D0%BA%D0%BE%D1%88%D0%BD%D0%B8%D1%86%D0%B0%20%D1%81%D1%8A%D0%B3%D0%BB.%20%D1%87%D0%BB.55%D0%B1%20%D0%B0%D0%BB.1%20%D0%97%D0%92%D0%95%D0%A0%D0%91%20V.2.pdf,https://kolkostruva.bg/compare
49,"Лютеница, от 400 гр. до 800 гр.",Зеленчуци,https://kzp.bg/upload/54730/%D0%A1%D0%9F%D0%98%D0%A1%D0%AA%D0%9A%20%D0%BD%D0%B0%20%D1%81%D1%82%D0%BE%D0%BA%D0%B8%20%D0%BE%D1%82%20%D0%B3%D0%BE%D0%BB%D1%8F%D0%BC%D0%B0%D1%82%D0%B0%20%D0%BF%D0%BE%D1%82%D1%80%D0%B5%D0%B1%D0%B8%D1%82%D0%B5%D0%BB%D1%81%D0%BA%D0%B0%20%D0%BA%D0%BE%D1%88%D0%BD%D0%B8%D1%86%D0%B0%20%D1%81%D1%8A%D0%B3%D0%BB.%20%D1%87%D0%BB.55%D0%B1%20%D0%B0%D0%BB.1%20%D0%97%D0%92%D0%95%D0%A0%D0%91%20V.2.pdf,https://kolkostruva.bg/compare
50,"Лимони, насипни 1кг",Плодове,https://kzp.bg/upload/54730/%D0%A1%D0%9F%D0%98%D0%A1%D0%AA%D0%9A%20%D0%BD%D0%B0%20%D1%81%D1%82%D0%BE%D0%BA%D0%B8%20%D0%BE%D1%82%20%D0%B3%D0%BE%D0%BB%D1%8F%D0%BC%D0%B0%D1%82%D0%B0%20%D0%BF%D0%BE%D1%82%D1%80%D0%B5%D0%B1%D0%B8%D1%82%D0%B5%D0%BB%D1%81%D0%BA%D0%B0%20%D0%BA%D0%BE%D1%88%D0%BD%D0%B8%D1%86%D0%B0%20%D1%81%D1%8A%D0%B3%D0%BB.%20%D1%87%D0%BB.55%D0%B1%20%D0%B0%D0%BB.1%20%D0%97%D0%92%D0%95%D0%A0%D0%91%20V.2.pdf,https://kolkostruva.bg/compare
51,"Портокали, насипни 1кг",Плодове,https://kzp.bg/upload/54730/%D0%A1%D0%9F%D0%98%D0%A1%D0%AA%D0%9A%20%D0%BD%D0%B0%20%D1%81%D1%82%D0%BE%D0%BA%D0%B8%20%D0%BE%D1%82%20%D0%B3%D0%BE%D0%BB%D1%8F%D0%BC%D0%B0%D1%82%D0%B0%20%D0%BF%D0%BE%D1%82%D1%80%D0%B5%D0%B1%D0%B8%D1%82%D0%B5%D0%BB%D1%81%D0%BA%D0%B0%20%D0%BA%D0%BE%D1%88%D0%BD%D0%B8%D1%86%D0%B0%20%D1%81%D1%8A%D0%B3%D0%BB.%20%D1%87%D0%BB.55%D0%B1%20%D0%B0%D0%BB.1%20%D0%97%D0%92%D0%95%D0%A0%D0%91%20V.2.pdf,https://kolkostruva.bg/compare
52,Банани 1кг,Плодове,https://kzp.bg/upload/54730/%D0%A1%D0%9F%D0%98%D0%A1%D0%AA%D0%9A%20%D0%BD%D0%B0%20%D1%81%D1%82%D0%BE%D0%BA%D0%B8%20%D0%BE%D1%82%20%D0%B3%D0%BE%D0%BB%D1%8F%D0%BC%D0%B0%D1%82%D0%B0%20%D0%BF%D0%BE%D1%82%D1%80%D0%B5%D0%B1%D0%B8%D1%82%D0%B5%D0%BB%D1%81%D0%BA%D0%B0%20%D0%BA%D0%BE%D1%88%D0%BD%D0%B8%D1%86%D0%B0%20%D1%81%D1%8A%D0%B3%D0%BB.%20%D1%87%D0%BB.55%D0%B1%20%D0%B0%D0%BB.1%20%D0%97%D0%92%D0%95%D0%A0%D0%91%20V.2.pdf,https://kolkostruva.bg/compare
53,"Ябълки, насипни 1кг",Плодове,https://kzp.bg/upload/54730/%D0%A1%D0%9F%D0%98%D0%A1%D0%AA%D0%9A%20%D0%BD%D0%B0%20%D1%81%D1%82%D0%BE%D0%BA%D0%B8%20%D0%BE%D1%82%20%D0%B3%D0%BE%D0%BB%D1%8F%D0%BC%D0%B0%D1%82%D0%B0%20%D0%BF%D0%BE%D1%82%D1%80%D0%B5%D0%B1%D0%B8%D1%82%D0%B5%D0%BB%D1%81%D0%BA%D0%B0%20%D0%BA%D0%BE%D1%88%D0%BD%D0%B8%D1%86%D0%B0%20%D1%81%D1%8A%D0%B3%D0%BB.%20%D1%87%D0%BB.55%D0%B1%20%D0%B0%D0%BB.1%20%D0%97%D0%92%D0%95%D0%A0%D0%91%20V.2.pdf,https://kolkostruva.bg/compare
54,"Домати, червени, насипни 1кг",Зеленчуци,https://kzp.bg/upload/54730/%D0%A1%D0%9F%D0%98%D0%A1%D0%AA%D0%9A%20%D0%BD%D0%B0%20%D1%81%D1%82%D0%BE%D0%BA%D0%B8%20%D0%BE%D1%82%20%D0%B3%D0%BE%D0%BB%D1%8F%D0%BC%D0%B0%D1%82%D0%B0%20%D0%BF%D0%BE%D1%82%D1%80%D0%B5%D0%B1%D0%B8%D1%82%D0%B5%D0%BB%D1%81%D0%BA%D0%B0%20%D0%BA%D0%BE%D1%88%D0%BD%D0%B8%D1%86%D0%B0%20%D1%81%D1%8A%D0%B3%D0%BB.%20%D1%87%D0%BB.55%D0%B1%20%D0%B0%D0%BB.1%20%D0%97%D0%92%D0%95%D0%A0%D0%91%20V.2.pdf,https://kolkostruva.bg/compare
55,"Кромид лук, насипен 1кг",Зеленчуци,https://kzp.bg/upload/54730/%D0%A1%D0%9F%D0%98%D0%A1%D0%AA%D0%9A%20%D0%BD%D0%B0%20%D1%81%D1%82%D0%BE%D0%BA%D0%B8%20%D0%BE%D1%82%20%D0%B3%D0%BE%D0%BB%D1%8F%D0%BC%D0%B0%D1%82%D0%B0%20%D0%BF%D0%BE%D1%82%D1%80%D0%B5%D0%B1%D0%B8%D1%82%D0%B5%D0%BB%D1%81%D0%BA%D0%B0%20%D0%BA%D0%BE%D1%88%D0%BD%D0%B8%D1%86%D0%B0%20%D1%81%D1%8A%D0%B3%D0%BB.%20%D1%87%D0%BB.55%D0%B1%20%D0%B0%D0%BB.1%20%D0%97%D0%92%D0%95%D0%A0%D0%91%20V.2.pdf,https://kolkostruva.bg/compare
56,"Моркови, насипни 1кг",Зеленчуци,https://kzp.bg/upload/54730/%D0%A1%D0%9F%D0%98%D0%A1%D0%AA%D0%9A%20%D0%BD%D0%B0%20%D1%81%D1%82%D0%BE%D0%BA%D0%B8%20%D0%BE%D1%82%20%D0%B3%D0%BE%D0%BB%D1%8F%D0%BC%D0%B0%D1%82%D0%B0%20%D0%BF%D0%BE%D1%82%D1%80%D0%B5%D0%B1%D0%B8%D1%82%D0%B5%D0%BB%D1%81%D0%BA%D0%B0%20%D0%BA%D0%BE%D1%88%D0%BD%D0%B8%D1%86%D0%B0%20%D1%81%D1%8A%D0%B3%D0%BB.%20%D1%87%D0%BB.55%D0%B1%20%D0%B0%D0%BB.1%20%D0%97%D0%92%D0%95%D0%A0%D0%91%20V.2.pdf,https://kolkostruva.bg/compare
57,Бяло зеле 1кг,Зеленчуци,https://kzp.bg/upload/54730/%D0%A1%D0%9F%D0%98%D0%A1%D0%AA%D0%9A%20%D0%BD%D0%B0%20%D1%81%D1%82%D0%BE%D0%BA%D0%B8%20%D0%BE%D1%82%20%D0%B3%D0%BE%D0%BB%D1%8F%D0%BC%D0%B0%D1%82%D0%B0%20%D0%BF%D0%BE%D1%82%D1%80%D0%B5%D0%B1%D0%B8%D1%82%D0%B5%D0%BB%D1%81%D0%BA%D0%B0%20%D0%BA%D0%BE%D1%88%D0%BD%D0%B8%D1%86%D0%B0%20%D1%81%D1%8A%D0%B3%D0%BB.%20%D1%87%D0%BB.55%D0%B1%20%D0%B0%D0%BB.1%20%D0%97%D0%92%D0%95%D0%A0%D0%91%20V.2.pdf,https://kolkostruva.bg/compare
58,"Краставици, насипни 1кг",Зеленчуци,https://kzp.bg/upload/54730/%D0%A1%D0%9F%D0%98%D0%A1%D0%AA%D0%9A%20%D0%BD%D0%B0%20%D1%81%D1%82%D0%BE%D0%BA%D0%B8%20%D0%BE%D1%82%20%D0%B3%D0%BE%D0%BB%D1%8F%D0%BC%D0%B0%D1%82%D0%B0%20%D0%BF%D0%BE%D1%82%D1%80%D0%B5%D0%B1%D0%B8%D1%82%D0%B5%D0%BB%D1%81%D0%BA%D0%B0%20%D0%BA%D0%BE%D1%88%D0%BD%D0%B8%D1%86%D0%B0%20%D1%81%D1%8A%D0%B3%D0%BB.%20%D1%87%D0%BB.55%D0%B1%20%D0%B0%D0%BB.1%20%D0%97%D0%92%D0%95%D0%A0%D0%91%20V.2.pdf,https://kolkostruva.bg/compare
59,Зрял чесън 1кг,Зеленчуци,https://kzp.bg/upload/54730/%D0%A1%D0%9F%D0%98%D0%A1%D0%AA%D0%9A%20%D0%BD%D0%B0%20%D1%81%D1%82%D0%BE%D0%BA%D0%B8%20%D0%BE%D1%82%20%D0%B3%D0%BE%D0%BB%D1%8F%D0%BC%D0%B0%D1%82%D0%B0%20%D0%BF%D0%BE%D1%82%D1%80%D0%B5%D0%B1%D0%B8%D1%82%D0%B5%D0%BB%D1%81%D0%BA%D0%B0%20%D0%BA%D0%BE%D1%88%D0%BD%D0%B8%D1%86%D0%B0%20%D1%81%D1%8A%D0%B3%D0%BB.%20%D1%87%D0%BB.55%D0%B1%20%D0%B0%D0%BB.1%20%D0%97%D0%92%D0%95%D0%A0%D0%91%20V.2.pdf,https://kolkostruva.bg/compare
60,"Пресни гъби, насипни 1кг",Зеленчуци,https://kzp.bg/upload/54730/%D0%A1%D0%9F%D0%98%D0%A1%D0%AA%D0%9A%20%D0%BD%D0%B0%20%D1%81%D1%82%D0%BE%D0%BA%D0%B8%20%D0%BE%D1%82%20%D0%B3%D0%BE%D0%BB%D1%8F%D0%BC%D0%B0%D1%82%D0%B0%20%D0%BF%D0%BE%D1%82%D1%80%D0%B5%D0%B1%D0%B8%D1%82%D0%B5%D0%BB%D1%81%D0%BA%D0%B0%20%D0%BA%D0%BE%D1%88%D0%BD%D0%B8%D1%86%D0%B0%20%D1%81%D1%8A%D0%B3%D0%BB.%20%D1%87%D0%BB.55%D0%B1%20%D0%B0%D0%BB.1%20%D0%97%D0%92%D0%95%D0%A0%D0%91%20V.2.pdf,https://kolkostruva.bg/compare
61,"Картофи, насипни 1кг",Зеленчуци,https://kzp.bg/upload/54730/%D0%A1%D0%9F%D0%98%D0%A1%D0%AA%D0%9A%20%D0%BD%D0%B0%20%D1%81%D1%82%D0%BE%D0%BA%D0%B8%20%D0%BE%D1%82%20%D0%B3%D0%BE%D0%BB%D1%8F%D0%BC%D0%B0%D1%82%D0%B0%20%D0%BF%D0%BE%D1%82%D1%80%D0%B5%D0%B1%D0%B8%D1%82%D0%B5%D0%BB%D1%81%D0%BA%D0%B0%20%D0%BA%D0%BE%D1%88%D0%BD%D0%B8%D1%86%D0%B0%20%D1%81%D1%8A%D0%B3%D0%BB.%20%D1%87%D0%BB.55%D0%B1%20%D0%B0%D0%BB.1%20%D0%97%D0%92%D0%95%D0%A0%D0%91%20V.2.pdf,https://kolkostruva.bg/compare
62,"Маслини, насипни 1 кг",Зеленчуци,https://kzp.bg/upload/54730/%D0%A1%D0%9F%D0%98%D0%A1%D0%AA%D0%9A%20%D0%BD%D0%B0%20%D1%81%D1%82%D0%BE%D0%BA%D0%B8%20%D0%BE%D1%82%20%D0%B3%D0%BE%D0%BB%D1%8F%D0%BC%D0%B0%D1%82%D0%B0%20%D0%BF%D0%BE%D1%82%D1%80%D0%B5%D0%B1%D0%B8%D1%82%D0%B5%D0%BB%D1%81%D0%BA%D0%B0%20%D0%BA%D0%BE%D1%88%D0%BD%D0%B8%D1%86%D0%B0%20%D1%81%D1%8A%D0%B3%D0%BB.%20%D1%87%D0%BB.55%D0%B1%20%D0%B0%D0%BB.1%20%D0%97%D0%92%D0%95%D0%A0%D0%91%20V.2.pdf,https://kolkostruva.bg/compare
63,"Каша (млечна, плодова) от 190 гр. до 250 гр.",Други хранителни продукти,https://kzp.bg/upload/54730/%D0%A1%D0%9F%D0%98%D0%A1%D0%AA%D0%9A%20%D0%BD%D0%B0%20%D1%81%D1%82%D0%BE%D0%BA%D0%B8%20%D0%BE%D1%82%20%D0%B3%D0%BE%D0%BB%D1%8F%D0%BC%D0%B0%D1%82%D0%B0%20%D0%BF%D0%BE%D1%82%D1%80%D0%B5%D0%B1%D0%B8%D1%82%D0%B5%D0%BB%D1%81%D0%BA%D0%B0%20%D0%BA%D0%BE%D1%88%D0%BD%D0%B8%D1%86%D0%B0%20%D1%81%D1%8A%D0%B3%D0%BB.%20%D1%87%D0%BB.55%D0%B1%20%D0%B0%D0%BB.1%20%D0%97%D0%92%D0%95%D0%A0%D0%91%20V.2.pdf,https://kolkostruva.bg/compare
64,Детско пюре от 190 гр. до 250 гр.,Други хранителни продукти,https://kzp.bg/upload/54730/%D0%A1%D0%9F%D0%98%D0%A1%D0%AA%D0%9A%20%D0%BD%D0%B0%20%D1%81%D1%82%D0%BE%D0%BA%D0%B8%20%D0%BE%D1%82%20%D0%B3%D0%BE%D0%BB%D1%8F%D0%BC%D0%B0%D1%82%D0%B0%20%D0%BF%D0%BE%D1%82%D1%80%D0%B5%D0%B1%D0%B8%D1%82%D0%B5%D0%BB%D1%81%D0%BA%D0%B0%20%D0%BA%D0%BE%D1%88%D0%BD%D0%B8%D1%86%D0%B0%20%D1%81%D1%8A%D0%B3%D0%BB.%20%D1%87%D0%BB.55%D0%B1%20%D0%B0%D0%BB.1%20%D0%97%D0%92%D0%95%D0%A0%D0%91%20V.2.pdf,https://kolkostruva.bg/compare
65,Адаптирани млека от 400 гр. до 800 гр.,Други хранителни продукти,https://kzp.bg/upload/54730/%D0%A1%D0%9F%D0%98%D0%A1%D0%AA%D0%9A%20%D0%BD%D0%B0%20%D1%81%D1%82%D0%BE%D0%BA%D0%B8%20%D0%BE%D1%82%20%D0%B3%D0%BE%D0%BB%D1%8F%D0%BC%D0%B0%D1%82%D0%B0%20%D0%BF%D0%BE%D1%82%D1%80%D0%B5%D0%B1%D0%B8%D1%82%D0%B5%D0%BB%D1%81%D0%BA%D0%B0%20%D0%BA%D0%BE%D1%88%D0%BD%D0%B8%D1%86%D0%B0%20%D1%81%D1%8A%D0%B3%D0%BB.%20%D1%87%D0%BB.55%D0%B1%20%D0%B0%D0%BB.1%20%D0%97%D0%92%D0%95%D0%A0%D0%91%20V.2.pdf,https://kolkostruva.bg/compare
66,Обикновени бисквити,Хляб и зърнени храни,https://kzp.bg/upload/54730/%D0%A1%D0%9F%D0%98%D0%A1%D0%AA%D0%9A%20%D0%BD%D0%B0%20%D1%81%D1%82%D0%BE%D0%BA%D0%B8%20%D0%BE%D1%82%20%D0%B3%D0%BE%D0%BB%D1%8F%D0%BC%D0%B0%D1%82%D0%B0%20%D0%BF%D0%BE%D1%82%D1%80%D0%B5%D0%B1%D0%B8%D1%82%D0%B5%D0%BB%D1%81%D0%BA%D0%B0%20%D0%BA%D0%BE%D1%88%D0%BD%D0%B8%D1%86%D0%B0%20%D1%81%D1%8A%D0%B3%D0%BB.%20%D1%87%D0%BB.55%D0%B1%20%D0%B0%D0%BB.1%20%D0%97%D0%92%D0%95%D0%A0%D0%91%20V.2.pdf,https://kolkostruva.bg/compare
67,Кроасани от 50 гр. до 110 гр.,Хляб и зърнени храни,https://kzp.bg/upload/54730/%D0%A1%D0%9F%D0%98%D0%A1%D0%AA%D0%9A%20%D0%BD%D0%B0%20%D1%81%D1%82%D0%BE%D0%BA%D0%B8%20%D0%BE%D1%82%20%D0%B3%D0%BE%D0%BB%D1%8F%D0%BC%D0%B0%D1%82%D0%B0%20%D0%BF%D0%BE%D1%82%D1%80%D0%B5%D0%B1%D0%B8%D1%82%D0%B5%D0%BB%D1%81%D0%BA%D0%B0%20%D0%BA%D0%BE%D1%88%D0%BD%D0%B8%D1%86%D0%B0%20%D1%81%D1%8A%D0%B3%D0%BB.%20%D1%87%D0%BB.55%D0%B1%20%D0%B0%D0%BB.1%20%D0%97%D0%92%D0%95%D0%A0%D0%91%20V.2.pdf,https://kolkostruva.bg/compare
68,Баница от 100 гр. до 500 гр.,Хляб и зърнени храни,https://kzp.bg/upload/54730/%D0%A1%D0%9F%D0%98%D0%A1%D0%AA%D0%9A%20%D0%BD%D0%B0%20%D1%81%D1%82%D0%BE%D0%BA%D0%B8%20%D0%BE%D1%82%20%D0%B3%D0%BE%D0%BB%D1%8F%D0%BC%D0%B0%D1%82%D0%B0%20%D0%BF%D0%BE%D1%82%D1%80%D0%B5%D0%B1%D0%B8%D1%82%D0%B5%D0%BB%D1%81%D0%BA%D0%B0%20%D0%BA%D0%BE%D1%88%D0%BD%D0%B8%D1%86%D0%B0%20%D1%81%D1%8A%D0%B3%D0%BB.%20%D1%87%D0%BB.55%D0%B1%20%D0%B0%D0%BB.1%20%D0%97%D0%92%D0%95%D0%A0%D0%91%20V.2.pdf,https://kolkostruva.bg/compare
69,"Шоколад, млечен, от 80 гр. до 100 гр.",Захар и захарни изделия,https://kzp.bg/upload/54730/%D0%A1%D0%9F%D0%98%D0%A1%D0%AA%D0%9A%20%D0%BD%D0%B0%20%D1%81%D1%82%D0%BE%D0%BA%D0%B8%20%D0%BE%D1%82%20%D0%B3%D0%BE%D0%BB%D1%8F%D0%BC%D0%B0%D1%82%D0%B0%20%D0%BF%D0%BE%D1%82%D1%80%D0%B5%D0%B1%D0%B8%D1%82%D0%B5%D0%BB%D1%81%D0%BA%D0%B0%20%D0%BA%D0%BE%D1%88%D0%BD%D0%B8%D1%86%D0%B0%20%D1%81%D1%8A%D0%B3%D0%BB.%20%D1%87%D0%BB.55%D0%B1%20%D0%B0%D0%BB.1%20%D0%97%D0%92%D0%95%D0%A0%D0%91%20V.2.pdf,https://kolkostruva.bg/compare
70,Кафе мляно от 200 гр. до 250 гр.,"Кафе, чай и какао",https://kzp.bg/upload/54730/%D0%A1%D0%9F%D0%98%D0%A1%D0%AA%D0%9A%20%D0%BD%D0%B0%20%D1%81%D1%82%D0%BE%D0%BA%D0%B8%20%D0%BE%D1%82%20%D0%B3%D0%BE%D0%BB%D1%8F%D0%BC%D0%B0%D1%82%D0%B0%20%D0%BF%D0%BE%D1%82%D1%80%D0%B5%D0%B1%D0%B8%D1%82%D0%B5%D0%BB%D1%81%D0%BA%D0%B0%20%D0%BA%D0%BE%D1%88%D0%BD%D0%B8%D1%86%D0%B0%20%D1%81%D1%8A%D0%B3%D0%BB.%20%D1%87%D0%BB.55%D0%B1%20%D0%B0%D0%BB.1%20%D0%97%D0%92%D0%95%D0%A0%D0%91%20V.2.pdf,https://kolkostruva.bg/compare
71,Кафе на зърна 1 кг,"Кафе, чай и какао",https://kzp.bg/upload/54730/%D0%A1%D0%9F%D0%98%D0%A1%D0%AA%D0%9A%20%D0%BD%D0%B0%20%D1%81%D1%82%D0%BE%D0%BA%D0%B8%20%D0%BE%D1%82%20%D0%B3%D0%BE%D0%BB%D1%8F%D0%BC%D0%B0%D1%82%D0%B0%20%D0%BF%D0%BE%D1%82%D1%80%D0%B5%D0%B1%D0%B8%D1%82%D0%B5%D0%BB%D1%81%D0%BA%D0%B0%20%D0%BA%D0%BE%D1%88%D0%BD%D0%B8%D1%86%D0%B0%20%D1%81%D1%8A%D0%B3%D0%BB.%20%D1%87%D0%BB.55%D0%B1%20%D0%B0%D0%BB.1%20%D0%97%D0%92%D0%95%D0%A0%D0%91%20V.2.pdf,https://kolkostruva.bg/compare
72,Чай (билков на пакетчета),"Кафе, чай и какао",https://kzp.bg/upload/54730/%D0%A1%D0%9F%D0%98%D0%A1%D0%AA%D0%9A%20%D0%BD%D0%B0%20%D1%81%D1%82%D0%BE%D0%BA%D0%B8%20%D0%BE%D1%82%20%D0%B3%D0%BE%D0%BB%D1%8F%D0%BC%D0%B0%D1%82%D0%B0%20%D0%BF%D0%BE%D1%82%D1%80%D0%B5%D0%B1%D0%B8%D1%82%D0%B5%D0%BB%D1%81%D0%BA%D0%B0%20%D0%BA%D0%BE%D1%88%D0%BD%D0%B8%D1%86%D0%B0%20%D1%81%D1%8A%D0%B3%D0%BB.%20%D1%87%D0%BB.55%D0%B1%20%D0%B0%D0%BB.1%20%D0%97%D0%92%D0%95%D0%A0%D0%91%20V.2.pdf,https://kolkostruva.bg/compare
73,"Минерална вода, 6 бр. в опаковка по 1,5 л.",Вода и безалкохолни,https://kzp.bg/upload/54730/%D0%A1%D0%9F%D0%98%D0%A1%D0%AA%D0%9A%20%D0%BD%D0%B0%20%D1%81%D1%82%D0%BE%D0%BA%D0%B8%20%D0%BE%D1%82%20%D0%B3%D0%BE%D0%BB%D1%8F%D0%BC%D0%B0%D1%82%D0%B0%20%D0%BF%D0%BE%D1%82%D1%80%D0%B5%D0%B1%D0%B8%D1%82%D0%B5%D0%BB%D1%81%D0%BA%D0%B0%20%D0%BA%D0%BE%D1%88%D0%BD%D0%B8%D1%86%D0%B0%20%D1%81%D1%8A%D0%B3%D0%BB.%20%D1%87%D0%BB.55%D0%B1%20%D0%B0%D0%BB.1%20%D0%97%D0%92%D0%95%D0%A0%D0%91%20V.2.pdf,https://kolkostruva.bg/compare
74,Светла бира 2 л.,Алкохол и цигари,https://kzp.bg/upload/54730/%D0%A1%D0%9F%D0%98%D0%A1%D0%AA%D0%9A%20%D0%BD%D0%B0%20%D1%81%D1%82%D0%BE%D0%BA%D0%B8%20%D0%BE%D1%82%20%D0%B3%D0%BE%D0%BB%D1%8F%D0%BC%D0%B0%D1%82%D0%B0%20%D0%BF%D0%BE%D1%82%D1%80%D0%B5%D0%B1%D0%B8%D1%82%D0%B5%D0%BB%D1%81%D0%BA%D0%B0%20%D0%BA%D0%BE%D1%88%D0%BD%D0%B8%D1%86%D0%B0%20%D1%81%D1%8A%D0%B3%D0%BB.%20%D1%87%D0%BB.55%D0%B1%20%D0%B0%D0%BB.1%20%D0%97%D0%92%D0%95%D0%A0%D0%91%20V.2.pdf,https://kolkostruva.bg/compare
75,"Бяло вино бутилирано, произход България 750 мл.",Алкохол и цигари,https://kzp.bg/upload/54730/%D0%A1%D0%9F%D0%98%D0%A1%D0%AA%D0%9A%20%D0%BD%D0%B0%20%D1%81%D1%82%D0%BE%D0%BA%D0%B8%20%D0%BE%D1%82%20%D0%B3%D0%BE%D0%BB%D1%8F%D0%BC%D0%B0%D1%82%D0%B0%20%D0%BF%D0%BE%D1%82%D1%80%D0%B5%D0%B1%D0%B8%D1%82%D0%B5%D0%BB%D1%81%D0%BA%D0%B0%20%D0%BA%D0%BE%D1%88%D0%BD%D0%B8%D1%86%D0%B0%20%D1%81%D1%8A%D0%B3%D0%BB.%20%D1%87%D0%BB.55%D0%B1%20%D0%B0%D0%BB.1%20%D0%97%D0%92%D0%95%D0%A0%D0%91%20V.2.pdf,https://kolkostruva.bg/compare
76,"Червено вино бутилирано, произход България 750 мл.",Алкохол и цигари,https://kzp.bg/upload/54730/%D0%A1%D0%9F%D0%98%D0%A1%D0%AA%D0%9A%20%D0%BD%D0%B0%20%D1%81%D1%82%D0%BE%D0%BA%D0%B8%20%D0%BE%D1%82%20%D0%B3%D0%BE%D0%BB%D1%8F%D0%BC%D0%B0%D1%82%D0%B0%20%D0%BF%D0%BE%D1%82%D1%80%D0%B5%D0%B1%D0%B8%D1%82%D0%B5%D0%BB%D1%81%D0%BA%D0%B0%20%D0%BA%D0%BE%D1%88%D0%BD%D0%B8%D1%86%D0%B0%20%D1%81%D1%8A%D0%B3%D0%BB.%20%D1%87%D0%BB.55%D0%B1%20%D0%B0%D0%BB.1%20%D0%97%D0%92%D0%95%D0%A0%D0%91%20V.2.pdf,https://kolkostruva.bg/compare
77,"Ракия, произход България 700 мл.",Алкохол и цигари,https://kzp.bg/upload/54730/%D0%A1%D0%9F%D0%98%D0%A1%D0%AA%D0%9A%20%D0%BD%D0%B0%20%D1%81%D1%82%D0%BE%D0%BA%D0%B8%20%D0%BE%D1%82%20%D0%B3%D0%BE%D0%BB%D1%8F%D0%BC%D0%B0%D1%82%D0%B0%20%D0%BF%D0%BE%D1%82%D1%80%D0%B5%D0%B1%D0%B8%D1%82%D0%B5%D0%BB%D1%81%D0%BA%D0%B0%20%D0%BA%D0%BE%D1%88%D0%BD%D0%B8%D1%86%D0%B0%20%D1%81%D1%8A%D0%B3%D0%BB.%20%D1%87%D0%BB.55%D0%B1%20%D0%B0%D0%BB.1%20%D0%97%D0%92%D0%95%D0%A0%D0%91%20V.2.pdf,https://kolkostruva.bg/compare
78,"Тютюневи изделия, произход България, кутия, пакет",Алкохол и цигари,https://kzp.bg/upload/54730/%D0%A1%D0%9F%D0%98%D0%A1%D0%AA%D0%9A%20%D0%BD%D0%B0%20%D1%81%D1%82%D0%BE%D0%BA%D0%B8%20%D0%BE%D1%82%20%D0%B3%D0%BE%D0%BB%D1%8F%D0%BC%D0%B0%D1%82%D0%B0%20%D0%BF%D0%BE%D1%82%D1%80%D0%B5%D0%B1%D0%B8%D1%82%D0%B5%D0%BB%D1%81%D0%BA%D0%B0%20%D0%BA%D0%BE%D1%88%D0%BD%D0%B8%D1%86%D0%B0%20%D1%81%D1%8A%D0%B3%D0%BB.%20%D1%87%D0%BB.55%D0%B1%20%D0%B0%D0%BB.1%20%D0%97%D0%92%D0%95%D0%A0%D0%91%20V.2.pdf,https://kolkostruva.bg/compare
79,Течен препарат за миене на съдове от 400 мл.,Хигиенни и козметични продукти,https://kzp.bg/upload/54730/%D0%A1%D0%9F%D0%98%D0%A1%D0%AA%D0%9A%20%D0%BD%D0%B0%20%D1%81%D1%82%D0%BE%D0%BA%D0%B8%20%D0%BE%D1%82%20%D0%B3%D0%BE%D0%BB%D1%8F%D0%BC%D0%B0%D1%82%D0%B0%20%D0%BF%D0%BE%D1%82%D1%80%D0%B5%D0%B1%D0%B8%D1%82%D0%B5%D0%BB%D1%81%D0%BA%D0%B0%20%D0%BA%D0%BE%D1%88%D0%BD%D0%B8%D1%86%D0%B0%20%D1%81%D1%8A%D0%B3%D0%BB.%20%D1%87%D0%BB.55%D0%B1%20%D0%B0%D0%BB.1%20%D0%97%D0%92%D0%95%D0%A0%D0%91%20V.2.pdf,https://kolkostruva.bg/compare
80,Четка за зъби – средна твърдост,Хигиенни и козметични продукти,https://kzp.bg/upload/54730/%D0%A1%D0%9F%D0%98%D0%A1%D0%AA%D0%9A%20%D0%BD%D0%B0%20%D1%81%D1%82%D0%BE%D0%BA%D0%B8%20%D0%BE%D1%82%20%D0%B3%D0%BE%D0%BB%D1%8F%D0%BC%D0%B0%D1%82%D0%B0%20%D0%BF%D0%BE%D1%82%D1%80%D0%B5%D0%B1%D0%B8%D1%82%D0%B5%D0%BB%D1%81%D0%BA%D0%B0%20%D0%BA%D0%BE%D1%88%D0%BD%D0%B8%D1%86%D0%B0%20%D1%81%D1%8A%D0%B3%D0%BB.%20%D1%87%D0%BB.55%D0%B1%20%D0%B0%D0%BB.1%20%D0%97%D0%92%D0%95%D0%A0%D0%91%20V.2.pdf,https://kolkostruva.bg/compare
81,"Паста за зъби, туба от 50 мл. до 125 мл.",Хигиенни и козметични продукти,https://kzp.bg/upload/54730/%D0%A1%D0%9F%D0%98%D0%A1%D0%AA%D0%9A%20%D0%BD%D0%B0%20%D1%81%D1%82%D0%BE%D0%BA%D0%B8%20%D0%BE%D1%82%20%D0%B3%D0%BE%D0%BB%D1%8F%D0%BC%D0%B0%D1%82%D0%B0%20%D0%BF%D0%BE%D1%82%D1%80%D0%B5%D0%B1%D0%B8%D1%82%D0%B5%D0%BB%D1%81%D0%BA%D0%B0%20%D0%BA%D0%BE%D1%88%D0%BD%D0%B8%D1%86%D0%B0%20%D1%81%D1%8A%D0%B3%D0%BB.%20%D1%87%D0%BB.55%D0%B1%20%D0%B0%D0%BB.1%20%D0%97%D0%92%D0%95%D0%A0%D0%91%20V.2.pdf,https://kolkostruva.bg/compare
82,Шампоан за нормална коса – от 250 мл. до 500 мл.,Хигиенни и козметични продукти,https://kzp.bg/upload/54730/%D0%A1%D0%9F%D0%98%D0%A1%D0%AA%D0%9A%20%D0%BD%D0%B0%20%D1%81%D1%82%D0%BE%D0%BA%D0%B8%20%D0%BE%D1%82%20%D0%B3%D0%BE%D0%BB%D1%8F%D0%BC%D0%B0%D1%82%D0%B0%20%D0%BF%D0%BE%D1%82%D1%80%D0%B5%D0%B1%D0%B8%D1%82%D0%B5%D0%BB%D1%81%D0%BA%D0%B0%20%D0%BA%D0%BE%D1%88%D0%BD%D0%B8%D1%86%D0%B0%20%D1%81%D1%8A%D0%B3%D0%BB.%20%D1%87%D0%BB.55%D0%B1%20%D0%B0%D0%BB.1%20%D0%97%D0%92%D0%95%D0%A0%D0%91%20V.2.pdf,https://kolkostruva.bg/compare
83,"Сапун, твърд",Хигиенни и козметични продукти,https://kzp.bg/upload/54730/%D0%A1%D0%9F%D0%98%D0%A1%D0%AA%D0%9A%20%D0%BD%D0%B0%20%D1%81%D1%82%D0%BE%D0%BA%D0%B8%20%D0%BE%D1%82%20%D0%B3%D0%BE%D0%BB%D1%8F%D0%BC%D0%B0%D1%82%D0%B0%20%D0%BF%D0%BE%D1%82%D1%80%D0%B5%D0%B1%D0%B8%D1%82%D0%B5%D0%BB%D1%81%D0%BA%D0%B0%20%D0%BA%D0%BE%D1%88%D0%BD%D0%B8%D1%86%D0%B0%20%D1%81%D1%8A%D0%B3%D0%BB.%20%D1%87%D0%BB.55%D0%B1%20%D0%B0%D0%BB.1%20%D0%97%D0%92%D0%95%D0%A0%D0%91%20V.2.pdf,https://kolkostruva.bg/compare
84,Класически мокри кърпи пакет,Хигиенни и козметични продукти,https://kzp.bg/upload/54730/%D0%A1%D0%9F%D0%98%D0%A1%D0%AA%D0%9A%20%D0%BD%D0%B0%20%D1%81%D1%82%D0%BE%D0%BA%D0%B8%20%D0%BE%D1%82%20%D0%B3%D0%BE%D0%BB%D1%8F%D0%BC%D0%B0%D1%82%D0%B0%20%D0%BF%D0%BE%D1%82%D1%80%D0%B5%D0%B1%D0%B8%D1%82%D0%B5%D0%BB%D1%81%D0%BA%D0%B0%20%D0%BA%D0%BE%D1%88%D0%BD%D0%B8%D1%86%D0%B0%20%D1%81%D1%8A%D0%B3%D0%BB.%20%D1%87%D0%BB.55%D0%B1%20%D0%B0%D0%BB.1%20%D0%97%D0%92%D0%95%D0%A0%D0%91%20V.2.pdf,https://kolkostruva.bg/compare
85,Тоалетна хартия 8 ролки,Хигиенни и козметични продукти,https://kzp.bg/upload/54730/%D0%A1%D0%9F%D0%98%D0%A1%D0%AA%D0%9A%20%D0%BD%D0%B0%20%D1%81%D1%82%D0%BE%D0%BA%D0%B8%20%D0%BE%D1%82%20%D0%B3%D0%BE%D0%BB%D1%8F%D0%BC%D0%B0%D1%82%D0%B0%20%D0%BF%D0%BE%D1%82%D1%80%D0%B5%D0%B1%D0%B8%D1%82%D0%B5%D0%BB%D1%81%D0%BA%D0%B0%20%D0%BA%D0%BE%D1%88%D0%BD%D0%B8%D1%86%D0%B0%20%D1%81%D1%8A%D0%B3%D0%BB.%20%D1%87%D0%BB.55%D0%B1%20%D0%B0%D0%BB.1%20%D0%97%D0%92%D0%95%D0%A0%D0%91%20V.2.pdf,https://kolkostruva.bg/compare
86,"(A02) Лекарства за лечение на разстройства, свързани с киселинността",Лекарствени продукти,https://kzp.bg/upload/54730/%D0%A1%D0%9F%D0%98%D0%A1%D0%AA%D0%9A%20%D0%BD%D0%B0%20%D1%81%D1%82%D0%BE%D0%BA%D0%B8%20%D0%BE%D1%82%20%D0%B3%D0%BE%D0%BB%D1%8F%D0%BC%D0%B0%D1%82%D0%B0%20%D0%BF%D0%BE%D1%82%D1%80%D0%B5%D0%B1%D0%B8%D1%82%D0%B5%D0%BB%D1%81%D0%BA%D0%B0%20%D0%BA%D0%BE%D1%88%D0%BD%D0%B8%D1%86%D0%B0%20%D1%81%D1%8A%D0%B3%D0%BB.%20%D1%87%D0%BB.55%D0%B1%20%D0%B0%D0%BB.1%20%D0%97%D0%92%D0%95%D0%A0%D0%91%20V.2.pdf,https://kolkostruva.bg/compare
87,(А03) Лекарства за лечение на функционални гастроинтестинални разстройства,Лекарствени продукти,https://kzp.bg/upload/54730/%D0%A1%D0%9F%D0%98%D0%A1%D0%AA%D0%9A%20%D0%BD%D0%B0%20%D1%81%D1%82%D0%BE%D0%BA%D0%B8%20%D0%BE%D1%82%20%D0%B3%D0%BE%D0%BB%D1%8F%D0%BC%D0%B0%D1%82%D0%B0%20%D0%BF%D0%BE%D1%82%D1%80%D0%B5%D0%B1%D0%B8%D1%82%D0%B5%D0%BB%D1%81%D0%BA%D0%B0%20%D0%BA%D0%BE%D1%88%D0%BD%D0%B8%D1%86%D0%B0%20%D1%81%D1%8A%D0%B3%D0%BB.%20%D1%87%D0%BB.55%D0%B1%20%D0%B0%D0%BB.1%20%D0%97%D0%92%D0%95%D0%A0%D0%91%20V.2.pdf,https://kolkostruva.bg/compare
88,(A06) Очистителни средства (лаксативи),Лекарствени продукти,https://kzp.bg/upload/54730/%D0%A1%D0%9F%D0%98%D0%A1%D0%AA%D0%9A%20%D0%BD%D0%B0%20%D1%81%D1%82%D0%BE%D0%BA%D0%B8%20%D0%BE%D1%82%20%D0%B3%D0%BE%D0%BB%D1%8F%D0%BC%D0%B0%D1%82%D0%B0%20%D0%BF%D0%BE%D1%82%D1%80%D0%B5%D0%B1%D0%B8%D1%82%D0%B5%D0%BB%D1%81%D0%BA%D0%B0%20%D0%BA%D0%BE%D1%88%D0%BD%D0%B8%D1%86%D0%B0%20%D1%81%D1%8A%D0%B3%D0%BB.%20%D1%87%D0%BB.55%D0%B1%20%D0%B0%D0%BB.1%20%D0%97%D0%92%D0%95%D0%A0%D0%91%20V.2.pdf,https://kolkostruva.bg/compare
89,"(A07) Антидиарични, чревни противовъзпалителни/антиинфекциозни средства",Лекарствени продукти,https://kzp.bg/upload/54730/%D0%A1%D0%9F%D0%98%D0%A1%D0%AA%D0%9A%20%D0%BD%D0%B0%20%D1%81%D1%82%D0%BE%D0%BA%D0%B8%20%D0%BE%D1%82%20%D0%B3%D0%BE%D0%BB%D1%8F%D0%BC%D0%B0%D1%82%D0%B0%20%D0%BF%D0%BE%D1%82%D1%80%D0%B5%D0%B1%D0%B8%D1%82%D0%B5%D0%BB%D1%81%D0%BA%D0%B0%20%D0%BA%D0%BE%D1%88%D0%BD%D0%B8%D1%86%D0%B0%20%D1%81%D1%8A%D0%B3%D0%BB.%20%D1%87%D0%BB.55%D0%B1%20%D0%B0%D0%BB.1%20%D0%97%D0%92%D0%95%D0%A0%D0%91%20V.2.pdf,https://kolkostruva.bg/compare
90,(D01) Противогъбични средства за дерматологична употреба,Лекарствени продукти,https://kzp.bg/upload/54730/%D0%A1%D0%9F%D0%98%D0%A1%D0%AA%D0%9A%20%D0%BD%D0%B0%20%D1%81%D1%82%D0%BE%D0%BA%D0%B8%20%D0%BE%D1%82%20%D0%B3%D0%BE%D0%BB%D1%8F%D0%BC%D0%B0%D1%82%D0%B0%20%D0%BF%D0%BE%D1%82%D1%80%D0%B5%D0%B1%D0%B8%D1%82%D0%B5%D0%BB%D1%81%D0%BA%D0%B0%20%D0%BA%D0%BE%D1%88%D0%BD%D0%B8%D1%86%D0%B0%20%D1%81%D1%8A%D0%B3%D0%BB.%20%D1%87%D0%BB.55%D0%B1%20%D0%B0%D0%BB.1%20%D0%97%D0%92%D0%95%D0%A0%D0%91%20V.2.pdf,https://kolkostruva.bg/compare
91,"(D04) Противосърбежни препарати, включително антихистамини, анестетици и други",Лекарствени продукти,https://kzp.bg/upload/54730/%D0%A1%D0%9F%D0%98%D0%A1%D0%AA%D0%9A%20%D0%BD%D0%B0%20%D1%81%D1%82%D0%BE%D0%BA%D0%B8%20%D0%BE%D1%82%20%D0%B3%D0%BE%D0%BB%D1%8F%D0%BC%D0%B0%D1%82%D0%B0%20%D0%BF%D0%BE%D1%82%D1%80%D0%B5%D0%B1%D0%B8%D1%82%D0%B5%D0%BB%D1%81%D0%BA%D0%B0%20%D0%BA%D0%BE%D1%88%D0%BD%D0%B8%D1%86%D0%B0%20%D1%81%D1%8A%D0%B3%D0%BB.%20%D1%87%D0%BB.55%D0%B1%20%D0%B0%D0%BB.1%20%D0%97%D0%92%D0%95%D0%A0%D0%91%20V.2.pdf,https://kolkostruva.bg/compare
92,(D08) Антисептици и дезинфектанти,Лекарствени продукти,https://kzp.bg/upload/54730/%D0%A1%D0%9F%D0%98%D0%A1%D0%AA%D0%9A%20%D0%BD%D0%B0%20%D1%81%D1%82%D0%BE%D0%BA%D0%B8%20%D0%BE%D1%82%20%D0%B3%D0%BE%D0%BB%D1%8F%D0%BC%D0%B0%D1%82%D0%B0%20%D0%BF%D0%BE%D1%82%D1%80%D0%B5%D0%B1%D0%B8%D1%82%D0%B5%D0%BB%D1%81%D0%BA%D0%B0%20%D0%BA%D0%BE%D1%88%D0%BD%D0%B8%D1%86%D0%B0%20%D1%81%D1%8A%D0%B3%D0%BB.%20%D1%87%D0%BB.55%D0%B1%20%D0%B0%D0%BB.1%20%D0%97%D0%92%D0%95%D0%A0%D0%91%20V.2.pdf,https://kolkostruva.bg/compare
93,(J07) Ваксини,Лекарствени продукти,https://kzp.bg/upload/54730/%D0%A1%D0%9F%D0%98%D0%A1%D0%AA%D0%9A%20%D0%BD%D0%B0%20%D1%81%D1%82%D0%BE%D0%BA%D0%B8%20%D0%BE%D1%82%20%D0%B3%D0%BE%D0%BB%D1%8F%D0%BC%D0%B0%D1%82%D0%B0%20%D0%BF%D0%BE%D1%82%D1%80%D0%B5%D0%B1%D0%B8%D1%82%D0%B5%D0%BB%D1%81%D0%BA%D0%B0%20%D0%BA%D0%BE%D1%88%D0%BD%D0%B8%D1%86%D0%B0%20%D1%81%D1%8A%D0%B3%D0%BB.%20%D1%87%D0%BB.55%D0%B1%20%D0%B0%D0%BB.1%20%D0%97%D0%92%D0%95%D0%A0%D0%91%20V.2.pdf,https://kolkostruva.bg/compare
94,(M01) Противовъзпалителни и противоревматични продукти нспвс,Лекарствени продукти,https://kzp.bg/upload/54730/%D0%A1%D0%9F%D0%98%D0%A1%D0%AA%D0%9A%20%D0%BD%D0%B0%20%D1%81%D1%82%D0%BE%D0%BA%D0%B8%20%D0%BE%D1%82%20%D0%B3%D0%BE%D0%BB%D1%8F%D0%BC%D0%B0%D1%82%D0%B0%20%D0%BF%D0%BE%D1%82%D1%80%D0%B5%D0%B1%D0%B8%D1%82%D0%B5%D0%BB%D1%81%D0%BA%D0%B0%20%D0%BA%D0%BE%D1%88%D0%BD%D0%B8%D1%86%D0%B0%20%D1%81%D1%8A%D0%B3%D0%BB.%20%D1%87%D0%BB.55%D0%B1%20%D0%B0%D0%BB.1%20%D0%97%D0%92%D0%95%D0%A0%D0%91%20V.2.pdf,https://kolkostruva.bg/compare
95,(M02) Локални продукти за ставна и мускулна болка,Лекарствени продукти,https://kzp.bg/upload/54730/%D0%A1%D0%9F%D0%98%D0%A1%D0%AA%D0%9A%20%D0%BD%D0%B0%20%D1%81%D1%82%D0%BE%D0%BA%D0%B8%20%D0%BE%D1%82%20%D0%B3%D0%BE%D0%BB%D1%8F%D0%BC%D0%B0%D1%82%D0%B0%20%D0%BF%D0%BE%D1%82%D1%80%D0%B5%D0%B1%D0%B8%D1%82%D0%B5%D0%BB%D1%81%D0%BA%D0%B0%20%D0%BA%D0%BE%D1%88%D0%BD%D0%B8%D1%86%D0%B0%20%D1%81%D1%8A%D0%B3%D0%BB.%20%D1%87%D0%BB.55%D0%B1%20%D0%B0%D0%BB.1%20%D0%97%D0%92%D0%95%D0%A0%D0%91%20V.2.pdf,https://kolkostruva.bg/compare
96,(N02) Аналгетици,Лекарствени продукти,https://kzp.bg/upload/54730/%D0%A1%D0%9F%D0%98%D0%A1%D0%AA%D0%9A%20%D0%BD%D0%B0%20%D1%81%D1%82%D0%BE%D0%BA%D0%B8%20%D0%BE%D1%82%20%D0%B3%D0%BE%D0%BB%D1%8F%D0%BC%D0%B0%D1%82%D0%B0%20%D0%BF%D0%BE%D1%82%D1%80%D0%B5%D0%B1%D0%B8%D1%82%D0%B5%D0%BB%D1%81%D0%BA%D0%B0%20%D0%BA%D0%BE%D1%88%D0%BD%D0%B8%D1%86%D0%B0%20%D1%81%D1%8A%D0%B3%D0%BB.%20%D1%87%D0%BB.55%D0%B1%20%D0%B0%D0%BB.1%20%D0%97%D0%92%D0%95%D0%A0%D0%91%20V.2.pdf,https://kolkostruva.bg/compare
97,(R01) Назални препарати,Лекарствени продукти,https://kzp.bg/upload/54730/%D0%A1%D0%9F%D0%98%D0%A1%D0%AA%D0%9A%20%D0%BD%D0%B0%20%D1%81%D1%82%D0%BE%D0%BA%D0%B8%20%D0%BE%D1%82%20%D0%B3%D0%BE%D0%BB%D1%8F%D0%BC%D0%B0%D1%82%D0%B0%20%D0%BF%D0%BE%D1%82%D1%80%D0%B5%D0%B1%D0%B8%D1%82%D0%B5%D0%BB%D1%81%D0%BA%D0%B0%20%D0%BA%D0%BE%D1%88%D0%BD%D0%B8%D1%86%D0%B0%20%D1%81%D1%8A%D0%B3%D0%BB.%20%D1%87%D0%BB.55%D0%B1%20%D0%B0%D0%BB.1%20%D0%97%D0%92%D0%95%D0%A0%D0%91%20V.2.pdf,https://kolkostruva.bg/compare
98,(R02) Препарати за лечение на гърло,Лекарствени продукти,https://kzp.bg/upload/54730/%D0%A1%D0%9F%D0%98%D0%A1%D0%AA%D0%9A%20%D0%BD%D0%B0%20%D1%81%D1%82%D0%BE%D0%BA%D0%B8%20%D0%BE%D1%82%20%D0%B3%D0%BE%D0%BB%D1%8F%D0%BC%D0%B0%D1%82%D0%B0%20%D0%BF%D0%BE%D1%82%D1%80%D0%B5%D0%B1%D0%B8%D1%82%D0%B5%D0%BB%D1%81%D0%BA%D0%B0%20%D0%BA%D0%BE%D1%88%D0%BD%D0%B8%D1%86%D0%B0%20%D1%81%D1%8A%D0%B3%D0%BB.%20%D1%87%D0%BB.55%D0%B1%20%D0%B0%D0%BB.1%20%D0%97%D0%92%D0%95%D0%A0%D0%91%20V.2.pdf,https://kolkostruva.bg/compare
99,(R05) Препарати за лечение на кашлица и простудни заболявания,Лекарствени продукти,https://kzp.bg/upload/54730/%D0%A1%D0%9F%D0%98%D0%A1%D0%AA%D0%9A%20%D0%BD%D0%B0%20%D1%81%D1%82%D0%BE%D0%BA%D0%B8%20%D0%BE%D1%82%20%D0%B3%D0%BE%D0%BB%D1%8F%D0%BC%D0%B0%D1%82%D0%B0%20%D0%BF%D0%BE%D1%82%D1%80%D0%B5%D0%B1%D0%B8%D1%82%D0%B5%D0%BB%D1%81%D0%BA%D0%B0%20%D0%BA%D0%BE%D1%88%D0%BD%D0%B8%D1%86%D0%B0%20%D1%81%D1%8A%D0%B3%D0%BB.%20%D1%87%D0%BB.55%D0%B1%20%D0%B0%D0%BB.1%20%D0%97%D0%92%D0%95%D0%A0%D0%91%20V.2.pdf,https://kolkostruva.bg/compare
100,(R06) Антихистамини за системно приложение,Лекарствени продукти,https://kzp.bg/upload/54730/%D0%A1%D0%9F%D0%98%D0%A1%D0%AA%D0%9A%20%D0%BD%D0%B0%20%D1%81%D1%82%D0%BE%D0%BA%D0%B8%20%D0%BE%D1%82%20%D0%B3%D0%BE%D0%BB%D1%8F%D0%BC%D0%B0%D1%82%D0%B0%20%D0%BF%D0%BE%D1%82%D1%80%D0%B5%D0%B1%D0%B8%D1%82%D0%B5%D0%BB%D1%81%D0%BA%D0%B0%20%D0%BA%D0%BE%D1%88%D0%BD%D0%B8%D1%86%D0%B0%20%D1%81%D1%8A%D0%B3%D0%BB.%20%D1%87%D0%BB.55%D0%B1%20%D0%B0%D0%BB.1%20%D0%97%D0%92%D0%95%D0%A0%D0%91%20V.2.pdf,https://kolkostruva.bg/compare
101,(S02) Отологични средства,Лекарствени продукти,https://kzp.bg/upload/54730/%D0%A1%D0%9F%D0%98%D0%A1%D0%AA%D0%9A%20%D0%BD%D0%B0%20%D1%81%D1%82%D0%BE%D0%BA%D0%B8%20%D0%BE%D1%82%20%D0%B3%D0%BE%D0%BB%D1%8F%D0%BC%D0%B0%D1%82%D0%B0%20%D0%BF%D0%BE%D1%82%D1%80%D0%B5%D0%B1%D0%B8%D1%82%D0%B5%D0%BB%D1%81%D0%BA%D0%B0%20%D0%BA%D0%BE%D1%88%D0%BD%D0%B8%D1%86%D0%B0%20%D1%81%D1%8A%D0%B3%D0%BB.%20%D1%87%D0%BB.55%D0%B1%20%D0%B0%D0%BB.1%20%D0%97%D0%92%D0%95%D0%A0%D0%91%20V.2.pdf,https://kolkostruva.bg/compare
