institution_id,municipality_id,method,evidence,checked,checked_by
261,000093378,manual,"Институцията на портала е „Общинска администрация - Аврен“; в municipality.csv има една община „Аврен“ (име, едно съвпадение)",2026-10-02,"проверка на точно съвпадение на името, не по адрес"
262,000056764,manual,"Институцията на портала е „Общинска администрация - Айтос“; в municipality.csv има една община „Айтос“ (име, едно съвпадение)",2026-10-02,"проверка на точно съвпадение на името, не по адрес"
263,000093385,manual,"Институцията на портала е „Общинска администрация - Аксаково“; в municipality.csv има една община „Аксаково“ (име, едно съвпадение)",2026-10-02,"проверка на точно съвпадение на името, не по адрес"
272,000024663,manual,"Институцията на портала е „Общинска администрация - Банско“; в municipality.csv има една община „Банско“ (име, едно съвпадение)",2026-10-02,"проверка на точно съвпадение на името, не по адрес"
273,000351540,manual,"Институцията на портала е „Общинска администрация - Батак“; в municipality.csv има една община „Батак“ (име, едно съвпадение)",2026-10-02,"проверка на точно съвпадение на името, не по адрес"
274,000413579,manual,"Институцията на портала е „Общинска администрация - Белене“; в municipality.csv има една община „Белене“ (име, едно съвпадение)",2026-10-02,"проверка на точно съвпадение на името, не по адрес"
278,000093403,manual,"Институцията на портала е „Общинска администрация - Белослав“; в municipality.csv има една община „Белослав“ (име, едно съвпадение)",2026-10-02,"проверка на точно съвпадение на името, не по адрес"
280,000024695,manual,"Институцията на портала е „Общинска администрация - Благоевград“; в municipality.csv има една община „Благоевград“ (име, едно съвпадение)",2026-10-02,"проверка на точно съвпадение на името, не по адрес"
297,000056814,manual,"Институцията на портала е „Общинска администрация - Бургас“; в municipality.csv има една община „Бургас“ (име, едно съвпадение)",2026-10-02,"проверка на точно съвпадение на името, не по адрес"
301,000093442,manual,"Институцията на портала е „Общинска администрация - Варна“; в municipality.csv има една община „Варна“ (име, едно съвпадение)",2026-10-02,"проверка на точно съвпадение на името, не по адрес"
304,000351580,manual,"Институцията на портала е „Общинска администрация - Велинград“; в municipality.csv има една община „Велинград“ (име, едно съвпадение)",2026-10-02,"проверка на точно съвпадение на името, не по адрес"
307,000093458,manual,"Институцията на портала е „Общинска администрация - Ветрино“; в municipality.csv има една община „Ветрино“ (име, едно съвпадение)",2026-10-02,"проверка на точно съвпадение на името, не по адрес"
311,000093474,manual,"Институцията на портала е „Общинска администрация - Вълчи дол“; в municipality.csv има една община „Вълчи Дол“ (име, едно съвпадение)",2026-10-02,"проверка на точно съвпадение на името, не по адрес"
320,000133673,manual,"Институцията на портала е „Общинска администрация - Горна Оряховица“; в municipality.csv има една община „Горна Оряховица“ (име, едно съвпадение)",2026-10-02,"проверка на точно съвпадение на името, не по адрес"
321,000024745,manual,"Институцията на портала е „Общинска администрация - Гоце Делчев“; в municipality.csv има една община „Гоце Делчев“ (име, едно съвпадение)",2026-10-02,"проверка на точно съвпадение на името, не по адрес"
327,000530529,manual,"Институцията на портала е „Общинска администрация - Две могили“; в municipality.csv има една община „Две Могили“ (име, едно съвпадение)",2026-10-02,"проверка на точно съвпадение на името, не по адрес"
328,000614895,manual,"Институцията на портала е „Общинска администрация - Девин“; в municipality.csv има една община „Девин“ (име, едно съвпадение)",2026-10-02,"проверка на точно съвпадение на името, не по адрес"
333,000852932,manual,"Институцията на портала е „Общинска администрация - Добрич“; в municipality.csv има една община „Добрич“ (име, едно съвпадение)",2026-10-02,"проверка на точно съвпадение на името, не по адрес"
334,000852188,manual,"Институцията на портала е „Общинска администрация - Добричка“; в municipality.csv има една община „Добричка“ (име, едно съвпадение)",2026-10-02,"проверка на точно съвпадение на името, не по адрес"
335,122054941,manual,"Институцията на портала е „Общинска администрация - Долна баня“; в municipality.csv има една община „Долна Баня“ (име, едно съвпадение)",2026-10-02,"проверка на точно съвпадение на името, не по адрес"
338,000093517,manual,"Институцията на портала е „Общинска администрация - Долни чифлик“; в municipality.csv има една община „Долни Чифлик“ (име, едно съвпадение)",2026-10-02,"проверка на точно съвпадение на името, не по адрес"
339,000614906,manual,"Институцията на портала е „Общинска администрация - Доспат“; в municipality.csv има една община „Доспат“ (име, едно съвпадение)",2026-10-02,"проверка на точно съвпадение на името, не по адрес"
340,000776235,manual,"Институцията на портала е „Общинска администрация - Драгоман“; в municipality.csv има една община „Драгоман“ (име, едно съвпадение)",2026-10-02,"проверка на точно съвпадение на името, не по адрес"
342,000565416,manual,"Институцията на портала е „Общинска администрация - Дулово“; в municipality.csv има една община „Дулово“ (име, едно съвпадение)",2026-10-02,"проверка на точно съвпадение на името, не по адрес"
344,000093524,manual,"Институцията на портала е „Общинска администрация - Дългопол“; в municipality.csv има една община „Дългопол“ (име, едно съвпадение)",2026-10-02,"проверка на точно съвпадение на името, не по адрес"
348,000776259,manual,"Институцията на портала е „Общинска администрация - Етрополе“; в municipality.csv има една община „Етрополе“ (име, едно съвпадение)",2026-10-02,"проверка на точно съвпадение на името, не по адрес"
349,000505814,manual,"Институцията на портала е „Общинска администрация - Завет“; в municipality.csv има една община „Завет“ (име, едно съвпадение)",2026-10-02,"проверка на точно съвпадение на името, не по адрес"
355,000530536,manual,"Институцията на портала е „Общинска администрация - Иваново“; в municipality.csv има една община „Иваново“ (име, едно съвпадение)",2026-10-02,"проверка на точно съвпадение на името, не по адрес"
357,000505821,manual,"Институцията на портала е „Общинска администрация - Исперих“; в municipality.csv има една община „Исперих“ (име, едно съвпадение)",2026-10-02,"проверка на точно съвпадение на името, не по адрес"
361,000565430,manual,"Институцията на портала е „Общинска администрация - Кайнарджа“; в municipality.csv има една община „Кайнарджа“ (име, едно съвпадение)",2026-10-02,"проверка на точно съвпадение на името, не по адрес"
363,000057001,manual,"Институцията на портала е „Общинска администрация - Камено“; в municipality.csv има една община „Камено“ (име, едно съвпадение)",2026-10-02,"проверка на точно съвпадение на името, не по адрес"
366,000057026,manual,"Институцията на портала е „Общинска администрация - Карнобат“; в municipality.csv има една община „Карнобат“ (име, едно съвпадение)",2026-10-02,"проверка на точно съвпадение на името, не по адрес"
367,000931511,manual,"Институцията на портала е „Общинска администрация - Каспичан“; в municipality.csv има една община „Каспичан“ (име, едно съвпадение)",2026-10-02,"проверка на точно съвпадение на името, не по адрес"
369,000193243,manual,"Институцията на портала е „Общинска администрация - Кнежа“; в municipality.csv има една община „Кнежа“ (име, едно съвпадение)",2026-10-02,"проверка на точно съвпадение на името, не по адрес"
371,000193250,manual,"Институцията на портала е „Общинска администрация - Козлодуй“; в municipality.csv има една община „Козлодуй“ (име, едно съвпадение)",2026-10-02,"проверка на точно съвпадение на името, не по адрес"
375,000590540,manual,"Институцията на портала е „Общинска администрация - Котел“; в municipality.csv има една община „Котел“ (име, едно съвпадение)",2026-10-02,"проверка на точно съвпадение на името, не по адрес"
379,115244456,manual,"Институцията на портала е „Общинска администрация - Кричим“; в municipality.csv има една община „Кричим“ (име, едно съвпадение)",2026-10-02,"проверка на точно съвпадение на името, не по адрес"
383,115631816,manual,"Институцията на портала е „Общинска администрация - Куклен“; в municipality.csv има една община „Куклен“ (име, едно съвпадение)",2026-10-02,"проверка на точно съвпадение на името, не по адрес"
384,000159629,manual,"Институцията на портала е „Общинска администрация - Кула“; в municipality.csv има една община „Кула“ (име, едно съвпадение)",2026-10-02,"проверка на точно съвпадение на името, не по адрес"
385,000235920,manual,"Институцията на портала е „Общинска администрация - Кърджали“; в municipality.csv има една община „Кърджали“ (име, едно съвпадение)",2026-10-02,"проверка на точно съвпадение на името, не по адрес"
390,000291591,manual,"Институцията на портала е „Общинска администрация - Ловеч“; в municipality.csv има една община „Ловеч“ (име, едно съвпадение)",2026-10-02,"проверка на точно съвпадение на името, не по адрес"
392,000320840,manual,"Институцията на портала е „Общинска администрация - Лом“; в municipality.csv има една община „Лом“ (име, едно съвпадение)",2026-10-02,"проверка на точно съвпадение на името, не по адрес"
393,000291602,manual,"Институцията на портала е „Общинска администрация - Луковит“; в municipality.csv има една община „Луковит“ (име, едно съвпадение)",2026-10-02,"проверка на точно съвпадение на името, не по адрес"
394,000614967,manual,"Институцията на портала е „Общинска администрация - Лъки“; в municipality.csv има една община „Лъки“ (име, едно съвпадение)",2026-10-02,"проверка на точно съвпадение на името, не по адрес"
397,000614984,manual,"Институцията на портала е „Общинска администрация - Мадан“; в municipality.csv има една община „Мадан“ (име, едно съвпадение)",2026-10-02,"проверка на точно съвпадение на името, не по адрес"
401,000472182,manual,"Институцията на портала е „Общинска администрация - Марица“; в municipality.csv има една община „Марица“ (име, едно съвпадение)",2026-10-02,"проверка на точно съвпадение на името, не по адрес"
412,000057122,manual,"Институцията на портала е „Общинска администрация - Несебър“; в municipality.csv има една община „Несебър“ (име, едно съвпадение)",2026-10-02,"проверка на точно съвпадение на името, не по адрес"
414,123116940,manual,"Институцията на портала е „Общинска администрация - Николаево“; в municipality.csv има една община „Николаево“ (име, едно съвпадение)",2026-10-02,"проверка на точно съвпадение на името, не по адрес"
415,000413885,manual,"Институцията на портала е „Общинска администрация - Никопол“; в municipality.csv има една община „Никопол“ (име, едно съвпадение)",2026-10-02,"проверка на точно съвпадение на името, не по адрес"
416,000590597,manual,"Институцията на портала е „Общинска администрация - Нова Загора“; в municipality.csv има една община „Нова Загора“ (име, едно съвпадение)",2026-10-02,"проверка на точно съвпадение на името, не по адрес"
418,000159643,manual,"Институцията на портала е „Общинска администрация - Ново село“; в municipality.csv има една община „Ново Село“ (име, едно съвпадение)",2026-10-02,"проверка на точно съвпадение на името, не по адрес"
419,000875817,manual,"Институцията на портала е „Общинска администрация - Омуртаг“; в municipality.csv има една община „Омуртаг“ (име, едно съвпадение)",2026-10-02,"проверка на точно съвпадение на името, не по адрес"
428,115246756,manual,"Институцията на портала е „Общинска администрация - Перущица“; в municipality.csv има една община „Перущица“ (име, едно съвпадение)",2026-10-02,"проверка на точно съвпадение на името, не по адрес"
439,102164063,manual,"Институцията на портала е „Общинска администрация - Приморско“; в municipality.csv има една община „Приморско“ (име, едно съвпадение)",2026-10-02,"проверка на точно съвпадение на името, не по адрес"
440,000093638,manual,"Институцията на портала е „Общинска администрация - Провадия“; в municipality.csv има една община „Провадия“ (име, едно съвпадение)",2026-10-02,"проверка на точно съвпадение на името, не по адрес"
441,000471536,manual,"Институцията на портала е „Общинска администрация - Първомай“; в municipality.csv има една община „Първомай“ (име, едно съвпадение)",2026-10-02,"проверка на точно съвпадение на името, не по адрес"
442,000817956,manual,"Институцията на портала е „Общинска администрация - Раднево“; в municipality.csv има една община „Раднево“ (име, едно съвпадение)",2026-10-02,"проверка на точно съвпадение на името, не по адрес"
445,000024948,manual,"Институцията на портала е „Общинска администрация - Разлог“; в municipality.csv има една община „Разлог“ (име, едно съвпадение)",2026-10-02,"проверка на точно съвпадение на името, не по адрес"
446,000351795,manual,"Институцията на портала е „Общинска администрация - Ракитово“; в municipality.csv има една община „Ракитово“ (име, едно съвпадение)",2026-10-02,"проверка на точно съвпадение на името, не по адрес"
458,000024955,manual,"Институцията на портала е „Общинска администрация - Сандански“; в municipality.csv има една община „Сандански“ (име, едно съвпадение)",2026-10-02,"проверка на точно съвпадение на името, не по адрес"
465,000351825,manual,"Институцията на портала е „Общинска администрация - Септември“; в municipality.csv има една община „Септември“ (име, едно съвпадение)",2026-10-02,"проверка на точно съвпадение на името, не по адрес"
466,000565537,manual,"Институцията на портала е „Общинска администрация - Силистра“; в municipality.csv има една община „Силистра“ (име, едно съвпадение)",2026-10-02,"проверка на точно съвпадение на името, не по адрес"
468,000024987,manual,"Институцията на портала е „Общинска администрация - Симитли“; в municipality.csv има една община „Симитли“ (име, едно съвпадение)",2026-10-02,"проверка на точно съвпадение на името, не по адрес"
473,000615118,manual,"Институцията на портала е „Общинска администрация - Смолян“; в municipality.csv има една община „Смолян“ (име, едно съвпадение)",2026-10-02,"проверка на точно съвпадение на името, не по адрес"
474,000931657,manual,"Институцията на портала е „Общинска администрация - Смядово“; в municipality.csv има една община „Смядово“ (име, едно съвпадение)",2026-10-02,"проверка на точно съвпадение на името, не по адрес"
476,115816423,manual,"Институцията на портала е „Общинска администрация - Сопот“; в municipality.csv има една община „Сопот“ (име, едно съвпадение)",2026-10-02,"проверка на точно съвпадение на името, не по адрес"
478,115245280,manual,"Институцията на портала е „Общинска администрация - Стамболийски“; в municipality.csv има една община „Стамболийски“ (име, едно съвпадение)",2026-10-02,"проверка на точно съвпадение на името, не по адрес"
481,000696327,manual,"Институцията на портала е „Общинска администрация - Столична община“; в municipality.csv има една община „Столична“ (име, едно съвпадение; „Столична община“ е общината Столична в списъка)",2026-10-02,"проверка на точно съвпадение на името, не по адрес"
486,000093684,manual,"Институцията на портала е „Общинска администрация - Суворово“; в municipality.csv има една община „Суворово“ (име, едно съвпадение)",2026-10-02,"проверка на точно съвпадение на името, не по адрес"
487,000057250,manual,"Институцията на портала е „Общинска администрация - Сунгурларе“; в municipality.csv има една община „Сунгурларе“ (име, едно съвпадение)",2026-10-02,"проверка на точно съвпадение на името, не по адрес"
489,000471640,manual,"Институцията на портала е „Общинска администрация - Съединение“; в municipality.csv има една община „Съединение“ (име, едно съвпадение)",2026-10-02,"проверка на точно съвпадение на името, не по адрес"
492,000852925,manual,"Институцията на портала е „Общинска администрация - Тервел“; в municipality.csv има една община „Тервел“ (име, едно съвпадение)",2026-10-02,"проверка на точно съвпадение на името, не по адрес"
500,000565626,manual,"Институцията на портала е „Общинска администрация - Тутракан“; в municipality.csv има една община „Тутракан“ (име, едно съвпадение)",2026-10-02,"проверка на точно съвпадение на името, не по адрес"
501,000875920,manual,"Институцията на портала е „Общинска администрация - Търговище“; в municipality.csv има една община „Търговище“ (име, едно съвпадение)",2026-10-02,"проверка на точно съвпадение на името, не по адрес"
507,000471671,manual,"Институцията на портала е „Общинска администрация - Хисаря“; в municipality.csv има една община „Хисаря“ (име, едно съвпадение)",2026-10-02,"проверка на точно съвпадение на името, не по адрес"
509,000505981,manual,"Институцията на портала е „Общинска администрация - Цар Калоян“; в municipality.csv има една община „Цар Калоян“ (име, едно съвпадение)",2026-10-02,"проверка на точно съвпадение на името, не по адрес"
512,000777230,manual,"Институцията на портала е „Общинска администрация - Чавдар“; в municipality.csv има една община „Чавдар“ (име, едно съвпадение)",2026-10-02,"проверка на точно съвпадение на името, не по адрес"
513,000777223,manual,"Институцията на портала е „Общинска администрация - Челопеч“; в municipality.csv има една община „Челопеч“ (име, едно съвпадение)",2026-10-02,"проверка на точно съвпадение на името, не по адрес"
520,000852957,manual,"Институцията на портала е „Общинска администрация - Шабла“; в municipality.csv има една община „Шабла“ (име, едно съвпадение)",2026-10-02,"проверка на точно съвпадение на името, не по адрес"
525,000970496,manual,"Институцията на портала е „Общинска администрация - Ямбол“; в municipality.csv има една община „Ямбол“ (име, едно съвпадение)",2026-10-02,"проверка на точно съвпадение на името, не по адрес"
