dim,code,label
coicop18,TOTAL,Общо
coicop18,GD,Стоки (общо без услугите)
coicop18,SERV,Услуги (общо без стоките)
coicop18,FOOD,"Храни, алкохол и тютюн"
coicop18,FOOD_P,"Преработени храни, алкохол и тютюн"
coicop18,FOOD_P_X_ALC_TBC,Преработени храни без алкохол и тютюн
coicop18,FOOD_P_X_TBC,Преработени храни без тютюн
coicop18,FOOD_NP,Непреработени храни
coicop18,FOOD_S,Сезонни храни
coicop18,NRG,Енергия
coicop18,NRG_FOOD_NP,Енергия и непреработени храни
coicop18,NRG_FOOD_S,Енергия и сезонни храни
coicop18,ELC_GAS,"Електроенергия, газ, твърди горива и топлоенергия"
coicop18,FUEL,Течни горива и горива за лични превозни средства
coicop18,IGD,Промишлени стоки
coicop18,IGD_NNRG,Промишлени стоки без енергия
coicop18,IGD_NNRG_D,"Промишлени стоки без енергия, само дълготрайни"
coicop18,IGD_NNRG_SD,"Промишлени стоки без енергия, само полудълготрайни"
coicop18,IGD_NNRG_ND,"Промишлени стоки без енергия, само недълготрайни"
coicop18,SERV_HOUS,"Услуги, свързани с жилището"
coicop18,SERV_TRA,"Услуги, свързани с транспорта"
coicop18,SERV_COM,"Услуги, свързани със съобщенията"
coicop18,SERV_REC,"Услуги за отдих, ремонти и лични грижи"
coicop18,SERV_REC_HOA,Организирани пътувания и настаняване
coicop18,SERV_REC_X_HOA,Услуги за отдих и лични грижи без организирани пътувания и настаняване
coicop18,SERV_MSC,Други услуги
coicop18,EDUC_HLTH_SPR,"Образование, здравеопазване и социална закрила"
coicop18,FROOPP,Чести покупки от собствения джоб
coicop18,AP,Административно определяни цени
coicop18,APF,Изцяло административно определяни цени
coicop18,APM,Предимно административно определяни цени
coicop18,AP_NRG,Административно определяни цени на енергията
coicop18,AP_NRG_FOOD,Административно определяни цени на енергията и храните
coicop18,AP_X_NRG,Административно определяни цени без енергията
coicop18,AP_X_NRG_FOOD,Административно определяни цени без енергията и храните
coicop18,TOT_X_ALC_TBC,Общо без алкохол и тютюн
coicop18,TOT_X_TBC,Общо без тютюн
coicop18,TOT_X_AP,Общо без административно определяните цени
coicop18,TOT_X_APF,Общо без изцяло административно определяните цени
coicop18,TOT_X_APM,Общо без предимно административно определяните цени
coicop18,TOT_X_EDUC_HLTH_SPR,"Общо без образование, здравеопазване и социална закрила"
coicop18,TOT_X_FOOD_S,Общо без сезонните храни
coicop18,TOT_X_FROOPP,Общо без честите покупки от собствения джоб
coicop18,TOT_X_FUEL,Общо без течните горива и горивата за лични превозни средства
coicop18,TOT_X_HOUS,"Общо без жилище, вода, електроенергия, газ и други горива"
coicop18,TOT_X_NRG,Общо без енергия
coicop18,TOT_X_NRG_FOOD,"Общо без енергия, храни, алкохол и тютюн"
coicop18,TOT_X_NRG_FOOD_NP,Общо без енергия и непреработени храни
coicop18,TOT_X_NRG_FOOD_S,Общо без енергия и сезонни храни
coicop18,CP011131,Хляб
coicop18,CP011139,Други хлебни и сладкарски изделия
coicop18,CP011221,"Говеждо месо, прясно, охладено или замразено"
coicop18,CP011222,"Свинско месо, прясно, охладено или замразено"
coicop18,CP011223,"Козе, агнешко и овче месо, прясно, охладено или замразено"
coicop18,CP011224,"Птиче месо, прясно, охладено или замразено"
coicop18,CP011225,"Заешко месо, прясно, охладено или замразено"
coicop18,CP011226,"Конско месо и месо от други еднокопитни, прясно, охладено или замразено"
coicop18,CP011229,"Друго месо, прясно, охладено или замразено"
coicop18,CP011513,Зехтин
coicop18,CP011751,Картофи
coicop18,CP01,Хранителни продукти и безалкохолни напитки
coicop18,CP011,Хранителни продукти
coicop18,CP0111,Зърнени храни и продукти
coicop18,CP01111,Зърнени храни
coicop18,CP01112,Брашно от зърнени култури
coicop18,CP01113,Хляб и хлебни и сладкарски изделия
coicop18,CP01114,Зърнени закуски
coicop18,CP01115,"Макарони, юфка, кускус и подобни макаронени изделия"
coicop18,CP01119,Други продукти на базата на смлени зърнени култури и зърна
coicop18,CP0112,Живи животни и месо и други части от заклани сухоземни животни
coicop18,CP01121,Живи сухоземни животни
coicop18,CP01122,"Месо, прясно, охладено или замразено"
coicop18,CP01123,"Месо, сушено, осолено, в саламура или пушено"
coicop18,CP01124,"Карантии, кръв и други части от заклани животни, пресни, охладени или замразени, сушени, осолени, в саламура или пушени"
coicop18,CP01125,"Продукти от месо, карантии, кръв и други части от заклани животни"
coicop18,CP0113,Риба и други морски храни
coicop18,CP01131,"Риба, жива, прясна, охладена или замразена"
coicop18,CP01132,"Риба, сушена, осолена, в саламура или пушена"
coicop18,CP01133,Рибни продукти
coicop18,CP01134,"Други морски храни, живи, пресни, охладени или замразени"
coicop18,CP01135,"Други морски храни, сушени, осолени, в саламура или пушени"
coicop18,CP01136,Други продукти от морски храни
coicop18,CP01137,"Черен дроб, хайвер и други карантии от риба и други морски храни във всякаква форма"
coicop18,CP0114,"Мляко, други млечни продукти и яйца"
coicop18,CP01141,Сурово и пълномаслено мляко
coicop18,CP01142,Обезмаслено мляко
coicop18,CP01143,Други видове мляко и сметана
coicop18,CP01144,Мляко от неживотински произход
coicop18,CP01145,Сирене и кашкавал
coicop18,CP01146,Кисело мляко и подобни продукти
coicop18,CP01147,Млечни десерти и напитки
coicop18,CP01148,Яйца
coicop18,CP01149,Други млечни продукти
coicop18,CP0115,Масла и мазнини
coicop18,CP01151,Растителни масла
coicop18,CP01152,Масло и други млечни масла и мазнини
coicop18,CP01153,Маргарин и подобни продукти
coicop18,CP01159,Други животински масла и мазнини
coicop18,CP0116,Плодове (включително черупкови)
coicop18,CP01161,"Фурми, смокини и тропически плодове, пресни"
coicop18,CP01162,"Цитрусови плодове, пресни"
coicop18,CP01163,"Костилкови и семкови плодове, пресни"
coicop18,CP01164,"Плодове от ягодоплодни култури, пресни"
coicop18,CP01165,"Други плодове, пресни"
coicop18,CP01166,"Плодове, замразени"
coicop18,CP01167,"Плодове, сушени и дехидратирани"
coicop18,CP01168,"Черупкови плодове, със или без черупки"
coicop18,CP01169,"Плодове (включително черупкови), смлени и включени в други продукти"
coicop18,CP0117,"Зеленчуци, грудки, хлебни банани, банани за готвене и варива"
coicop18,CP01171,"Листни или стъблени зеленчуци, пресни или охладени"
coicop18,CP01172,"Плодни зеленчуци, пресни или охладени"
coicop18,CP01173,"Зелени бобови растения, пресни или охладени"
coicop18,CP01174,"Други зеленчуци, пресни или охладени"
coicop18,CP01175,"Грудки, хлебни банани и банани за готвене, пресни или охладени"
coicop18,CP01176,Варива
coicop18,CP01177,"Други зеленчуци, грудки, хлебни банани и банани за готвене, сушени и дехидратирани"
coicop18,CP01178,"Зеленчуци, грудки, хлебни банани и банани за готвене, замразени"
coicop18,CP01179,"Зеленчуци, грудки, хлебни банани, банани за готвене и варива, смлени и включени в други продукти"
coicop18,CP0118,"Захар, захарни изделия и десерти"
coicop18,CP01181,Захар от захарна тръстика и захарно цвекло
coicop18,CP01182,Други видове захар и заместители на захарта
coicop18,CP01183,"Конфитюри, мармалади, желета от плодове, пюрета, каши и мед"
coicop18,CP01184,"Пюрета, масла и каши от черупкови плодове"
coicop18,CP01185,"Шоколад, какао и какаови хранителни продукти"
coicop18,CP01186,"Лед, сладолед и сорбета"
coicop18,CP01189,"Други захарни изделия и десерти, некласифицирани другаде"
coicop18,CP0119,Готови ястия и други хранителни продукти
coicop18,CP01191,Готови ястия
coicop18,CP01192,Бебешки храни
coicop18,CP01193,"Сол, кондименти и сосове"
coicop18,CP01194,"Подправки, кулинарни билки и семена"
coicop18,CP01199,"Други хранителни продукти, некласифицирани другаде"
coicop18,CP012,Безалкохолни напитки
coicop18,CP0121,Плодови и зеленчукови сокове
coicop18,CP01210,Плодови и зеленчукови сокове
coicop18,CP0122,Кафе и заместители на кафе
coicop18,CP01220,Кафе и заместители на кафе
coicop18,CP0123,"Чай, мате и други растителни продукти за настойки"
coicop18,CP01230,"Чай, мате и други растителни продукти за настойки"
coicop18,CP0124,Какаови напитки
coicop18,CP01240,Какаови напитки
coicop18,CP0125,Вода
coicop18,CP01250,Вода
coicop18,CP0126,Освежаващи напитки
coicop18,CP01260,Освежаващи напитки
coicop18,CP0129,Други безалкохолни напитки
coicop18,CP01290,Други безалкохолни напитки
coicop18,CP013,Услуги за обработка на първични продукти за хранителни продукти и безалкохолни напитки
coicop18,CP0130,Услуги за обработка на първични продукти за хранителни продукти и безалкохолни напитки
coicop18,CP01300,Услуги за обработка на първични продукти за хранителни продукти и безалкохолни напитки
coicop18,CP02,"Алкохолни напитки, тютюневи изделия и наркотици"
coicop18,CP021,Алкохолни напитки
coicop18,CP0211,Спиртни напитки и ликьори
coicop18,CP02110,Спиртни напитки и ликьори
coicop18,CP0212,Вина
coicop18,CP02121,Гроздови вина
coicop18,CP02122,Други вина
coicop18,CP0213,Бира
coicop18,CP02130,Бира
coicop18,CP0219,Други алкохолни напитки
coicop18,CP02190,Други алкохолни напитки
coicop18,CP022,Услуги за производство на алкохол
coicop18,CP0220,Услуги за производство на алкохол
coicop18,CP02200,Услуги за производство на алкохол
coicop18,CP023,Тютюневи изделия
coicop18,CP0230,Тютюневи изделия
coicop18,CP02301,Цигари
coicop18,CP02302,Пури
coicop18,CP02309,Други тютюневи изделия
coicop18,CP03,Облекло и обувки
coicop18,CP031,Облекло
coicop18,CP0311,Материали за облекло
coicop18,CP03110,Материали за облекло
coicop18,CP0312,Дрехи
coicop18,CP03121,Дрехи за мъже или момчета
coicop18,CP03122,Дрехи за жени или момичета
coicop18,CP03123,Дрехи за бебета (на възраст под 2 години)
coicop18,CP03124,Училищни униформи
coicop18,CP0313,Други артикули и допълнения за облекло
coicop18,CP03131,Други артикули за облекло
coicop18,CP03132,Допълнения за облекло
coicop18,CP0314,"Почистване, поправка, шиене и наем на облекло"
coicop18,CP03141,Почистване на облекло
coicop18,CP03142,"Поправка, шиене и наем на облекло"
coicop18,CP032,Обувки
coicop18,CP0321,Обувки
coicop18,CP03211,Обувки за мъже
coicop18,CP03212,Обувки за жени
coicop18,CP03213,Обувки за бебета и деца
coicop18,CP0322,"Почистване, поправка и наем на обувки"
coicop18,CP03220,"Почистване, поправка и наем на обувки"
coicop18,CP04,"Жилища, вода, електроенергия, газ и други горива"
coicop18,CP041,Действителни плащания за наем на жилища
coicop18,CP0411,"Действителни плащания за наем, извършени от наематели за основно жилище"
coicop18,CP04110,"Действителни плащания за наем, извършени от наематели за основно жилище"
coicop18,CP0412,Други действителни плащания за наем
coicop18,CP04121,"Действителни плащания за наем, извършени от наематели за жилища, различни от основните"
coicop18,CP04122,"Плащания за наем на гаражи и други плащания за наем, извършени от наематели"
coicop18,CP043,"Поддържане, ремонт и сигурност на жилището"
coicop18,CP0431,Охранително оборудване и материали за поддържане и ремонт на жилището
coicop18,CP04311,Материали за поддържане и ремонт на жилището
coicop18,CP04312,Охранително оборудване
coicop18,CP0432,"Услуги за поддържане, ремонт и сигурност на жилището"
coicop18,CP04320,"Услуги за поддържане, ремонт и сигурност на жилището"
coicop18,CP044,"Водоснабдяване и разнообразни услуги, свързани с жилището"
coicop18,CP0441,Водоснабдяване
coicop18,CP04411,Водоснабдяване чрез мрежови системи
coicop18,CP04412,Водоснабдяване чрез други системи
coicop18,CP0442,Събиране на битови отпадъци
coicop18,CP04420,Събиране на битови отпадъци
coicop18,CP0443,Събиране на отпадъчни води
coicop18,CP04431,Събиране на отпадъчни води чрез градски канализационни системи
coicop18,CP04432,Събиране на отпадъчни води чрез местна канализация
coicop18,CP0444,"Други услуги, свързани с жилището"
coicop18,CP04441,Разходи за поддържане в съсобствени жилищни сгради
coicop18,CP04449,"Други услуги, свързани с жилището и некласифицирани другаде"
coicop18,CP045,"Електроенергия, газообразни и други горива"
coicop18,CP0451,Електроенергия
coicop18,CP04510,Електроенергия
coicop18,CP0452,Газообразни горива
coicop18,CP04521,Природен газ по мрежи
coicop18,CP04522,Втечнени въглеводороди
coicop18,CP0453,Течни горива
coicop18,CP04530,Течни горива
coicop18,CP0454,Твърди горива
coicop18,CP04541,"Въглища, брикети от въглища, торф и торфени брикети"
coicop18,CP04542,"Дървесни горива, включително пелети и брикети"
coicop18,CP04543,Дървени въглища
coicop18,CP04549,Други твърди горива
coicop18,CP0455,Други енергийни източници за отопление и охлаждане
coicop18,CP04550,Други енергийни източници за отопление и охлаждане
coicop18,CP05,"Жилищно обзавеждане, стоки и услуги за домакинството и за обичайно поддържане на дома"
coicop18,CP051,"Мебели, предмети за обзавеждане и килими"
coicop18,CP0511,"Мебели, предмети за обзавеждане и килими"
coicop18,CP05111,Мебели за дома
coicop18,CP05112,Мебели за градина и къмпинг
coicop18,CP05113,Осветители
coicop18,CP05114,"Предмети за обзавеждане, килими и пътеки"
coicop18,CP0512,"Поправка, монтаж и наем на мебели, предмети за обзавеждане и килими"
coicop18,CP05120,"Поправка, монтаж и наем на мебели, предмети за обзавеждане и килими"
coicop18,CP052,Домакински текстил
coicop18,CP0521,Домакински текстил
coicop18,CP05211,"Дамаски, пердета и завеси"
coicop18,CP05212,Изделия за легло и спално бельо
coicop18,CP05213,"Домакински текстил за маса, кухня и баня"
coicop18,CP05219,Друг домакински текстил
coicop18,CP0522,"Услуги по поправка, наем и шиене на домакински текстил"
coicop18,CP05220,"Услуги по поправка, наем и шиене на домакински текстил"
coicop18,CP053,Домакински уреди
coicop18,CP0531,Големи електрически и други домакински уреди
coicop18,CP05311,Големи кухненски уреди
coicop18,CP05312,Големи перални уреди
coicop18,CP05313,Отоплителни уреди и апарати за климатизиране на въздуха
coicop18,CP05314,Почистващи машини
coicop18,CP05319,Други големи домакински уреди
coicop18,CP0532,Малки домакински уреди
coicop18,CP05321,Малки уреди за готвене и обработка на храни
coicop18,CP05322,Малки уреди за приготвяне на напитки
coicop18,CP05329,Други малки домакински уреди
coicop18,CP0533,"Ремонт, монтаж и наем на домакински уреди"
coicop18,CP05330,"Ремонт, монтаж и наем на домакински уреди"
coicop18,CP054,"Стъклария, домакински съдове и принадлежности"
coicop18,CP0540,"Стъклария, домакински съдове и принадлежности"
coicop18,CP05401,"Стъклария, домакински съдове от стъкло, керамика и порцелан"
coicop18,CP05402,Прибори за хранене и сервиране
coicop18,CP05403,Кухненски прибори и изделия
coicop18,CP05404,"Поправка и наем на стъклария, домакински съдове и принадлежности"
coicop18,CP055,"Инструменти, машини и принадлежности за дома и градината"
coicop18,CP0551,Моторни инструменти и машини
coicop18,CP05510,Моторни инструменти и машини
coicop18,CP0552,Немоторни инструменти и различни принадлежности
coicop18,CP05521,Немоторни инструменти
coicop18,CP05522,Различни принадлежности
coicop18,CP0553,Ремонт и наем на моторни и немоторни инструменти и машини
coicop18,CP05530,Ремонт и наем на моторни и немоторни инструменти и машини
coicop18,CP056,Домакински стоки и услуги за обичайно почистване и поддържане
coicop18,CP0561,Недълготрайни домакински стоки
coicop18,CP05611,Продукти и препарати за почистване и поддържане на дома
coicop18,CP05619,Други недълготрайни домакински стоки
coicop18,CP0562,Услуги за домакинството и битови услуги
coicop18,CP05621,Услуги за домакинството от платен персонал
coicop18,CP05629,Други битови услуги
coicop18,CP06,Здравеопазване
coicop18,CP061,Лекарства и здравни продукти
coicop18,CP0611,Лекарства
coicop18,CP06111,"Лекарства, ваксини и други лекарствени продукти"
coicop18,CP06112,Растителни лекарства и хомеопатични продукти
coicop18,CP0612,Медицински изделия
coicop18,CP06121,Медицински диагностични изделия
coicop18,CP06122,Предпазни и защитни изделия
coicop18,CP06123,Терапевтични изделия за лична употреба
coicop18,CP0613,Помощни средства
coicop18,CP06131,Помощни средства за зрението
coicop18,CP06132,Помощни средства за слуха и комуникацията
coicop18,CP06133,Помощни средства за движението и всекидневния живот
coicop18,CP0614,"Поправка, наем и поддържане на медицинските изделия и помощните средства"
coicop18,CP06140,"Поправка, наем и поддържане на медицинските изделия и помощните средства"
coicop18,CP062,Услуги за извънболнична помощ
coicop18,CP0621,Превантивни услуги
coicop18,CP06211,Имунизационни услуги
coicop18,CP06219,Други превантивни услуги
coicop18,CP0622,Извънболнични услуги на лекари по дентална медицина
coicop18,CP06221,Превантивни услуги на лекари по дентална медицина
coicop18,CP06229,Други извънболнични услуги на лекари по дентална медицина
coicop18,CP0623,Други услуги за извънболнична помощ
coicop18,CP06231,Извънболнични лечебни и рехабилитационни услуги
coicop18,CP06232,Извънболнични услуги за дългосрочни грижи
coicop18,CP063,Услуги за болнична помощ
coicop18,CP0631,Болнични лечебни и рехабилитационни услуги
coicop18,CP06310,Болнични лечебни и рехабилитационни услуги
coicop18,CP0632,Болнични услуги за дългосрочни грижи
coicop18,CP06320,Болнични услуги за дългосрочни грижи
coicop18,CP064,Други услуги на здравеопазването
coicop18,CP0641,Услуги по образни изследвания и услуги на медицински лаборатории
coicop18,CP06410,Услуги по образни изследвания и услуги на медицински лаборатории
coicop18,CP0642,Спешен транспорт на пациенти и услуги за спешна помощ
coicop18,CP06420,Спешен транспорт на пациенти и услуги за спешна помощ
coicop18,CP07,Транспорт
coicop18,CP071,Покупка на превозни средства
coicop18,CP0711,Автомобили
coicop18,CP07111,Нови автомобили
coicop18,CP07112,Автомобили втора употреба
coicop18,CP0712,Мотоциклети
coicop18,CP07120,Мотоциклети
coicop18,CP0713,Велосипеди
coicop18,CP07130,Велосипеди
coicop18,CP072,Поддържане и експлоатация на лични превозни средства
coicop18,CP0721,Части и принадлежности за лични превозни средства
coicop18,CP07211,Гуми
coicop18,CP07212,Части за лични превозни средства
coicop18,CP07213,Принадлежности за лични превозни средства
coicop18,CP0722,Горива и смазочни масла за лични превозни средства
coicop18,CP07221,Дизелово гориво
coicop18,CP07222,Бензин
coicop18,CP07223,Други горива за лични превозни средства
coicop18,CP07224,Смазочни масла
coicop18,CP0723,Поддържане и ремонт на лични превозни средства
coicop18,CP07230,Поддържане и ремонт на лични превозни средства
coicop18,CP0724,"Други услуги, свързани с личните превозни средства"
coicop18,CP07241,Услуги по паркиране
coicop18,CP07242,Пътни такси
coicop18,CP07243,"Курсове за водачи на превозни средства, изпити, свидетелства за управление на моторно превозно средство и проверки на техническата изправност"
coicop18,CP07244,Наем на лични превозни средства без водач
coicop18,CP073,Услуги за превоз на пътници
coicop18,CP0731,Пътнически релсов транспорт
coicop18,CP07311,Пътнически транспорт с влак
coicop18,CP07312,Пътнически транспорт чрез бърз транзит и трамвай
coicop18,CP0732,Пътнически автомобилен транспорт
coicop18,CP07321,Пътнически транспорт с автобус
coicop18,CP07322,Пътнически транспорт с такси и нает автомобил с водач
coicop18,CP07323,Пътнически транспорт за ученици
coicop18,CP0733,Пътнически въздушен транспорт
coicop18,CP07331,"Пътнически въздушен транспорт, вътрешни полети"
coicop18,CP07332,"Пътнически въздушен транспорт, международни полети"
coicop18,CP0734,Пътнически морски и речен транспорт
coicop18,CP07340,Пътнически морски и речен транспорт
coicop18,CP0735,Комбиниран пътнически транспорт
coicop18,CP07350,Комбиниран пътнически транспорт
coicop18,CP0736,Други услуги за превоз на пътници
coicop18,CP07360,Други услуги за превоз на пътници
coicop18,CP074,Услуги за транспорт на стоки
coicop18,CP0741,Пощенски и куриерски услуги
coicop18,CP07411,Услуги по обработка на писма
coicop18,CP07412,Куриерски услуги и услуги за доставка на колетни пратки
coicop18,CP0749,Други услуги за транспорт на стоки
coicop18,CP07491,Услуги по преместване и съхраняване на товари
coicop18,CP07492,Доставка на стоки
coicop18,CP08,Информация и комуникация
coicop18,CP081,Компютърна и комуникационна техника
coicop18,CP0811,Фиксирани телефонни апарати
coicop18,CP08110,Фиксирани телефонни апарати
coicop18,CP0812,Мобилни телефонни апарати
coicop18,CP08120,Мобилни телефонни апарати
coicop18,CP0813,Машини за обработка на информация
coicop18,CP08131,"Компютри, лаптопи и таблети"
coicop18,CP08132,Периферно оборудване и консумативи за него
coicop18,CP0814,"Апарати за приемане, записване и възпроизвеждане на звук и образ"
coicop18,CP08140,"Апарати за приемане, записване и възпроизвеждане на звук и образ"
coicop18,CP0815,Незаписани носители
coicop18,CP08150,Незаписани носители
coicop18,CP0819,Друга компютърна и комуникационна техника и принадлежности
coicop18,CP08191,Друга компютърна и комуникационна техника
coicop18,CP08192,Други компютърни и комуникационни принадлежности
coicop18,CP082,"Софтуерни продукти, с изключение на игри"
coicop18,CP0820,"Софтуерни продукти, с изключение на игри"
coicop18,CP08200,"Софтуерни продукти, с изключение на игри"
coicop18,CP083,Информационни и комуникационни услуги
coicop18,CP0831,Фиксирани комуникационни услуги
coicop18,CP08310,Фиксирани комуникационни услуги
coicop18,CP0832,Мобилни комуникационни услуги
coicop18,CP08320,Мобилни комуникационни услуги
coicop18,CP0833,Интернет услуги и услуги за онлайн съхранение
coicop18,CP08330,Интернет услуги и услуги за онлайн съхранение
coicop18,CP0834,Пакетни далекосъобщителни услуги
coicop18,CP08340,Пакетни далекосъобщителни услуги
coicop18,CP0835,Ремонт и наем на компютърна и комуникационна техника
coicop18,CP08350,Ремонт и наем на компютърна и комуникационна техника
coicop18,CP0839,Други информационни и комуникационни услуги
coicop18,CP08391,Лицензи и такси за телевизия и радио
coicop18,CP08392,Абонаменти за услуги за стрийминг на аудио-визуално съдържание и наем на аудио-визуално съдържание
coicop18,CP08399,"Други информационни и комуникационни услуги, некласифицирани другаде"
coicop18,CP09,"Развлечения, спорт и култура"
coicop18,CP091,Дълготрайни стоки за развлечение
coicop18,CP0911,Фотографска и кинематографска техника и оптични уреди
coicop18,CP09111,Фотоапарати и камери
coicop18,CP09112,Принадлежности за фотографска и кинематографска техника
coicop18,CP09113,Оптични уреди
coicop18,CP0912,Големи дълготрайни стоки за развлечение
coicop18,CP09121,"Кемпери, каравани и ремаркета"
coicop18,CP09122,"Самолети, делтапланери и други безмоторни въздухоплавателни средства, летателни балони"
coicop18,CP09123,"Кораби, яхти, моторни лодки с извънбордов двигател и друго оборудване за водни спортове"
coicop18,CP09124,"Коне, понита, камили (едногърби и двугърби) и принадлежности"
coicop18,CP09129,Други големи дълготрайни стоки за развлечение
coicop18,CP092,Други стоки за развлечение
coicop18,CP0921,"Игри, играчки и предмети за колекции"
coicop18,CP09211,"Компютри за видеоигри, конзоли, приложения и софтуер за игри"
coicop18,CP09212,"Други игри, играчки и предмети за колекции"
coicop18,CP09213,Предмети за празненства
coicop18,CP0922,"Уреди и екипировка за спорт, къмпинг и почивка на открито"
coicop18,CP09221,Уреди и екипировка за спорт
coicop18,CP09222,Уреди и екипировка за къмпинг и почивка на открито
coicop18,CP093,Градински продукти и продукти за домашни любимци
coicop18,CP0931,"Градински продукти, растения и цветя"
coicop18,CP09311,Градинарски продукти
coicop18,CP09312,"Растения, семена и цветя"
coicop18,CP0932,Домашни любимци и продукти за тях
coicop18,CP09321,Домашни любимци
coicop18,CP09322,Продукти за домашни любимци и други домашни животни
coicop18,CP094,Услуги за развлечение
coicop18,CP0941,Наем и поправка на фотографска и кинематографска техника и оптични уреди
coicop18,CP09410,Наем и поправка на фотографска и кинематографска техника и оптични уреди
coicop18,CP0942,"Наем, поддържане и поправка на големи дълготрайни стоки за развлечение"
coicop18,CP09421,"Наем, поддържане и поправка на кемпери и каравани"
coicop18,CP09422,"Наем, поддържане и поправка на други големи дълготрайни стоки за развлечение"
coicop18,CP0943,"Наем и поправка на игри, играчки и предмети за колекции"
coicop18,CP09431,Наем на софтуер за игри и абонамент за онлайн игри
coicop18,CP09432,"Наем и поправка на други игри, играчки и предмети за колекции"
coicop18,CP0944,"Наем и поправка на уреди и екипировка за спорт, къмпинг и почивка на открито"
coicop18,CP09440,"Наем и поправка на уреди и екипировка за спорт, къмпинг и почивка на открито"
coicop18,CP0945,Ветеринарни и други услуги за домашни любимци
coicop18,CP09450,Ветеринарни и други услуги за домашни любимци
coicop18,CP0946,Услуги за развлечения и спорт
coicop18,CP09461,Услуги за развлечения и отдих
coicop18,CP09462,"Услуги, свързани със спортуването"
coicop18,CP09463,"Услуги, свързани с посещението на спортни събития"
coicop18,CP0947,Хазартни игри
coicop18,CP09470,Хазартни игри
coicop18,CP095,Стоки в областта на културата
coicop18,CP0951,Музикални инструменти
coicop18,CP09510,Музикални инструменти
coicop18,CP0952,Аудио-визуални медии
coicop18,CP09520,Аудио-визуални медии
coicop18,CP096,Услуги в областта на културата
coicop18,CP0961,"Услуги на кина, театри и концертни зали"
coicop18,CP09610,"Услуги на кина, театри и концертни зали"
coicop18,CP0962,"Услуги на музеи, библиотеки и културни обекти"
coicop18,CP09620,"Услуги на музеи, библиотеки и културни обекти"
coicop18,CP0963,Фотографски услуги
coicop18,CP09630,Фотографски услуги
coicop18,CP0969,Други услуги в областта на културата
coicop18,CP09690,Други услуги в областта на културата
coicop18,CP097,"Вестници и списания, книги, канцеларски принадлежности"
coicop18,CP0971,Книги
coicop18,CP09711,Образователни книги и учебници
coicop18,CP09719,Други книги
coicop18,CP0972,Вестници и периодични издания
coicop18,CP09721,Вестници
coicop18,CP09722,Списания и периодични издания
coicop18,CP0973,Различни печатни материали
coicop18,CP09730,Различни печатни материали
coicop18,CP0974,Канцеларски принадлежности и материали за рисуване и чертане
coicop18,CP09740,Канцеларски принадлежности и материали за рисуване и чертане
coicop18,CP098,Организирани почивки и туристически пътувания с обща цена
coicop18,CP0980,Организирани почивки и туристически пътувания с обща цена
coicop18,CP09800,Организирани почивки и туристически пътувания с обща цена
coicop18,CP10,Образователни услуги
coicop18,CP101,Образование в ранна детска възраст и начален етап на основното образование
coicop18,CP1010,Образование в ранна детска възраст и начален етап на основното образование
coicop18,CP10101,Образование в ранна детска възраст
coicop18,CP10102,Начален етап на основното образование
coicop18,CP102,Прогимназиален етап на основното образование и средно образование
coicop18,CP1020,Прогимназиален етап на основното образование и средно образование
coicop18,CP10200,Прогимназиален етап на основното образование и средно образование
coicop18,CP103,"Професионално обучение след завършено средно образование, но не висше"
coicop18,CP1030,"Професионално обучение след завършено средно образование, но не висше"
coicop18,CP10300,"Професионално обучение след завършено средно образование, но не висше"
coicop18,CP104,Висше образование
coicop18,CP1040,Висше образование
coicop18,CP10400,Висше образование
coicop18,CP105,"Образование, недефинирано с образователна степен"
coicop18,CP1050,"Образование, недефинирано с образователна степен"
coicop18,CP10501,Наставничество
coicop18,CP10509,"Друго образование, недефинирано с образователна степен"
coicop18,CP11,Услуги на ресторанти и хотели
coicop18,CP111,Ресторантьорски услуги
coicop18,CP1111,"Ресторанти, кафенета и подобни заведения"
coicop18,CP11111,"Ресторанти, кафенета и подобни заведения — пълно обслужване"
coicop18,CP11112,"Ресторанти, кафенета и подобни заведения — частично обслужване"
coicop18,CP1112,Столове за хранене (включително на самообслужване и в учебни заведения)
coicop18,CP11121,"Столове за хранене (включително на самообслужване) в университети, училища и детски градини"
coicop18,CP11129,Други столове за хранене (включително на самообслужване и в учебни заведения)
coicop18,CP112,Услуги по настаняване
coicop18,CP1120,Услуги по настаняване
coicop18,CP11201,"Хотели, мотели, пансиони и подобни места за настаняване"
coicop18,CP11202,"Ваканционни центрове, къмпинги, младежки общежития и подобни места за настаняване"
coicop18,CP11203,"Услуги по настаняване, предоставяни от пансионни училища, университети и други учебни заведения"
coicop18,CP11209,Други услуги по настаняване
coicop18,CP12,Застрахователни и финансови услуги
coicop18,CP121,Застраховане
coicop18,CP1211,Животозастраховане и застраховки „Злополука“
coicop18,CP12110,Животозастраховане и застраховки „Злополука“
coicop18,CP1212,"Застраховане, свързано със здравето"
coicop18,CP12120,"Застраховане, свързано със здравето"
coicop18,CP1213,"Застраховане, свързано с жилищата"
coicop18,CP12130,"Застраховане, свързано с жилищата"
coicop18,CP1214,"Застраховане, свързано с транспорта"
coicop18,CP12141,"Застраховане, свързано с личния транспорт"
coicop18,CP12142,Пътническо застраховане
coicop18,CP1219,Друго застраховане
coicop18,CP12190,Друго застраховане
coicop18,CP122,Финансови услуги
coicop18,CP1222,Изрично определени такси на депозитни институции
coicop18,CP12220,Изрично определени такси на депозитни институции
coicop18,CP1229,Други финансови услуги
coicop18,CP12291,Такси за парични преводи
coicop18,CP12299,"Други финансови услуги, некласифицирани другаде"
coicop18,CP13,"Лични грижи, социална защита и разни стоки и услуги"
coicop18,CP131,Лични грижи
coicop18,CP1311,Електрически уреди за лична хигиена и разкрасяване; поправка на тези уреди
coicop18,CP13111,Покупка на електрически уреди за лична хигиена и разкрасяване
coicop18,CP13112,Поправка на електрически уреди за лична хигиена и разкрасяване
coicop18,CP1312,"Други уреди, хигиенни и козметични продукти"
coicop18,CP13120,"Други уреди, хигиенни и козметични продукти"
coicop18,CP1313,Бръснаро-фризьорски салони и други подобни заведения
coicop18,CP13131,Фризьорски услуги
coicop18,CP13132,Други услуги за поддържане на добър външен вид
coicop18,CP132,Други лични вещи
coicop18,CP1321,Бижута и часовници
coicop18,CP13211,Покупка на бижута и часовници
coicop18,CP13212,Поправка и наем на бижута и часовници
coicop18,CP1322,Религиозни изделия и артикули за религиозни и ритуални чествания
coicop18,CP13220,Религиозни изделия и артикули за религиозни и ритуални чествания
coicop18,CP1329,"Други лични вещи, некласифицирани другаде"
coicop18,CP13291,"Артикули за пътуване и пренасяне на лични вещи, артикули за бебета и други лични вещи, некласифицирани другаде"
coicop18,CP13292,Поправка и наем на други лични вещи
coicop18,CP133,Социална защита
coicop18,CP1330,Социална защита
coicop18,CP13301,Детски ясли
coicop18,CP13302,"Услуги по настаняване на възрастни хора и хора с физически или умствени увреждания в специализирани институции, които не предоставят медицински грижи"
coicop18,CP13303,Домашни грижи за възрастни хора и хора с физически или умствени увреждания
coicop18,CP13309,Други услуги за социална защита
coicop18,CP139,Други услуги
coicop18,CP1390,Други услуги
coicop18,CP13902,Религиозни услуги
coicop18,CP13909,"Други услуги, некласифицирани другаде (У)."
na_item,B1GQ,БВП
na_item,P3,Крайно потребление
na_item,P51G,Инвестиции (бруто образуване на основен капитал)
na_item,P6,Износ
na_item,P7,Внос
na_item,GD,Държавен дълг
na_item,B9,Бюджетно салдо (дефицитът е с минус)
unit,I15,"индекс, 2015 = 100"
unit,RCH_M,% спрямо предходния месец
unit,RCH_A,% спрямо година по-рано
unit,CP_MEUR,млн. € по текущи цени
unit,CLV_PCH_PRE,"реален ръст, % спрямо предходния период"
unit,CLV_PCH_SM,"реален ръст, % спрямо година по-рано"
unit,PC_GDP,% от БВП
unit,MIO_EUR,млн. €
unit,EUR_HAB,€ на човек
unit,PPS_EU27_2020_HAB,СПС на човек (стандарт на покупателната способност)
unit,THS,хил. души
unit,CP_EUR_HAB,€ на човек
unit,PC_ACT,% от работната сила
unit,EUR,€
unit,PCH_SM,% спрямо година по-рано
unit,I15_Q,"индекс, 2015 = 100"
purchase,TOTAL,всички жилища
purchase,DW_NEW,нови жилища
purchase,DW_EXST,съществуващи жилища
age,TOTAL,всички възрасти
age,Y_LT25,под 25 години
geo,EU27_2020,ЕС-27
geo,AL,Албания
geo,BA,Босна и Херцеговина
geo,CH,Швейцария
geo,IS,Исландия
geo,LI,Лихтенщайн
geo,ME,Черна гора
geo,MK,Северна Македония
geo,NO,Норвегия
geo,RS,Сърбия
geo,TR,Турция
geo,UA,Украйна
geo,XK,Косово
geo,AD,Андора
geo,BY,Беларус
geo,MC,Монако
geo,MD,Молдова
geo,RU,Русия
geo,SM,Сан Марино
geo,UK,Обединено кралство
geo,VA,Ватикана
geo,EA,Еврозона
geo,EA21,Еврозона (21 държави)
geo,EA20,Еврозона (20 държави)
geo,BE,Белгия
geo,BG,България
geo,CZ,Чехия
geo,DK,Дания
geo,DE,Германия
geo,EE,Естония
geo,IE,Ирландия
geo,EL,Гърция
geo,ES,Испания
geo,FR,Франция
geo,HR,Хърватия
geo,IT,Италия
geo,CY,Кипър
geo,LV,Латвия
geo,LT,Литва
geo,LU,Люксембург
geo,HU,Унгария
geo,MT,Малта
geo,NL,Нидерландия
geo,AT,Австрия
geo,PL,Полша
geo,PT,Португалия
geo,RO,Румъния
geo,SI,Словения
geo,SK,Словакия
geo,FI,Финландия
geo,SE,Швеция
geo,BG31,Северозападен
geo,BG32,Северен централен
geo,BG33,Североизточен
geo,BG34,Югоизточен
geo,BG41,Югозападен
geo,BG42,Южен централен
geo,BG3,Северна и Югоизточна България
geo,BG4,Югозападна и Южна централна България
geo,BG311,Видин
geo,BG312,Монтана
geo,BG313,Враца
geo,BG314,Плевен
geo,BG315,Ловеч
geo,BG321,Велико Търново
geo,BG322,Габрово
geo,BG323,Русе
geo,BG324,Разград
geo,BG325,Силистра
geo,BG331,Варна
geo,BG332,Добрич
geo,BG333,Шумен
geo,BG334,Търговище
geo,BG341,Бургас
geo,BG342,Сливен
geo,BG343,Ямбол
geo,BG344,Стара Загора
geo,BG411,София (столица)
geo,BG412,София област
geo,BG413,Благоевград
geo,BG414,Перник
geo,BG415,Кюстендил
geo,BG421,Пловдив
geo,BG422,Хасково
geo,BG423,Пазарджик
geo,BG424,Смолян
geo,BG425,Кърджали
flag,p,предварителни данни
flag,e,оценка
flag,b,прекъсване на реда
flag,d,различно определение
flag,m,липсва: не може да съществува
flag,u,ниска надеждност
flag,c,поверително
flag,s,оценка на Eurostat
flag,r,ревизирани
flag,f,прогноза
flag,n,незначимо
flag,z,неприложимо
code,USD,Щатски долар
code,JPY,Японска йена
code,CZK,Чешка крона
code,DKK,Датска крона
code,GBP,Британска лира
code,HUF,Унгарски форинт
code,PLN,Полска злота
code,RON,Румънска лея
code,SEK,Шведска крона
code,CHF,Швейцарски франк
code,ISK,Исландска крона
code,NOK,Норвежка крона
code,TRY,Турска лира
code,AUD,Австралийски долар
code,BRL,Бразилски реал
code,CAD,Канадски долар
code,CNY,Китайски ренминби юан
code,HKD,Хонконгски долар
code,IDR,Индонезийска рупия
code,ILS,Израелски шекел
code,INR,Индийска рупия
code,KRW,Южнокорейски вон
code,MXN,Мексиканско песо
code,MYR,Малайзийски рингит
code,NZD,Новозеландски долар
code,PHP,Филипинско песо
code,SGD,Сингапурски долар
code,THB,Тайландски бат
code,ZAR,Южноафрикански ранд
code,EUR,Евро
code,ATS,Австрийски шилинг
code,BEF,Белгийски франк
code,DEM,Германска марка
code,GRD,Гръцка драхма
code,XEU,ЕКЮ
code,EEK,Естонска крона
code,XAU,Злато
code,XAG,Сребро
code,XPT,Платина
code,IEP,Ирландска лира
code,ESP,Испанска песета
code,ITL,Италианска лира
code,CYP,Кипърска лира
code,KWD,Кувейтски динар
code,LVL,Латвийски лат
code,LTL,Литовски литас
code,MTL,Малтийска лира
code,PTE,Португалско ескудо
code,ROL,Румънска лея (стара)
code,RUB,Руска рубла
code,SKK,Словашка крона
code,SIT,Словенски толар
code,TRL,Турска лира (стара)
code,FIM,Финландска марка
code,FRF,Френски франк
code,NLG,Нидерландски гулден
code,HRK,Хърватска куна
code,YUG,Югославски динар
