id,name_bg,name_en,drawn_as
000351580,Велинград,Velingrad,000351580
000852697,Каварна,Kavarna,000852697
000852957,Шабла,Shabla,000852957
000852633,Генерал Тошево,General Toshevo,000852633
000852544,Балчик,Balchik,000852544
000852188,Добричка,Dobrichka,000852188
000852932,Добрич,Dobrich,000852932
000852754,Крушари,Krushari,000852754
000565430,Кайнарджа,Kaynardzha,000565430
000093385,Аксаково,Aksakovo,000093385
000093442,Варна,Varna,000093442
000565416,Дулово,Dulovo,000565416
000565537,Силистра,Silistra,000565537
000565544,Ситово,Sitovo,000565544
000565359,Алфатар,Alfatar,000565359
000852925,Тервел,Tervel,000852925
000565626,Тутракан,Tutrakan,000565626
000505846,Кубрат,Kubrat,000505846
000565380,Главиница,Glavinitsa,000565380
000505814,Завет,Zavet,000505814
000505821,Исперих,Isperih,000505821
000093458,Ветрино,Vetrino,000093458
000931881,Каолиново,Kaolinovo,000931881
000931568,Никола Козлево,Nikola Kozlevo,000931568
000931575,Нови Пазар,Novi Pazar,000931575
000093474,Вълчи Дол,Valchi Dol,000093474
000093684,Суворово,Suvorovo,000093684
000093645,Девня,Devnya,000093645
000530657,Сливо Поле,Slivo Pole,000530657
000530504,Ветово,Vetovo,000530504
000505981,Цар Калоян,Tsar Kaloyan,000505981
000505910,Разград,Razgrad,000505910
000530536,Иваново,Ivanovo,000530536
000530632,Русе,Ruse,000530632
000875856,Попово,Popovo,000875856
000875557,Антоново,Antonovo,000875557
000530671,Ценово,Tsenovo,000530671
000530479,Борово,Borovo,000530479
000530493,Бяла,Byala,000530493
000530529,Две Могили,Dve Mogili,000530529
000875824,Опака,Opaka,000875824
000875920,Търговище,Targovishte,000875920
000875817,Омуртаг,Omurtag,000875817
000505928,Самуил,Samuil,000505928
000931397,Венец,Venets,000931397
000931422,Хитрино,Hitrino,000931422
000505853,Лозница,Loznitsa,000505853
000931511,Каспичан,Kaspichan,000931511
000931721,Шумен,Shumen,000931721
000931625,Велики Преслав,Veliki Preslav,000931625
000057026,Карнобат,Karnobat,000057026
000057086,Малко Търново,Malko Tarnovo,000057086
000057097,Царево,Tsarevo,000057097
102164063,Приморско,Primorsko,102164063
000093403,Белослав,Beloslav,000093403
000093378,Аврен,Avren,000093378
000093638,Провадия,Provadiya,000093638
000057236,Созопол,Sozopol,000057236
000056878,Средец,Sredets,000056878
000057250,Сунгурларе,Sungurlare,000057250
000931415,Върбица,Varbitsa,000931415
000093524,Дългопол,Dalgopol,000093524
000931657,Смядово,Smyadovo,000931657
000093517,Долни Чифлик,Dolni Chiflik,000093517
000093435,Бяла,Byala,000093435
000057122,Несебър,Nesebar,000057122
000057179,Поморие,Pomorie,000057179
000057211,Руен,Ruen,000057211
000056814,Бургас,Burgas,000056814
000056764,Айтос,Aytos,000056764
000057001,Камено,Kameno,000057001
000970457,Тунджа,Tundzha,000970457
000590540,Котел,Kotel,000590540
000590654,Сливен,Sliven,000590654
000970432,Стралджа,Straldzha,000970432
000970051,Болярово,Bolyarovo,000970051
000970165,Елхово,Elhovo,000970165
000970496,Ямбол,Yambol,000970496
000159554,Димово,Dimovo,000159554
000159489,Брегово,Bregovo,000159489
000159643,Ново Село,Novo Selo,000159643
000159472,Бойница,Boynitsa,000159472
000159508,Видин,Vidin,000159508
000159629,Кула,Kula,000159629
000159531,Грамада,Gramada,000159531
000159636,Макреш,Makresh,000159636
000159458,Белоградчик,Belogradchik,000159458
000159700,Чупрене,Chuprene,000159700
000159682,Ружинци,Ruzhinsi,000159682
000970464,Тополовград,Topolovgrad,000970464
000903825,Свиленград,Svilengrad,000903825
000193058,Бяла Слатина,Byala Slatina,000193058
000320840,Лом,Lom,000320840
000320580,Брусарци,Brusartsi,000320580
000320865,Медковец,Medkovets,000320865
000320961,Чипровци,Chiprovtsi,000320961
000320979,Якимово,Yakimovo,000320979
000320648,Вълчедръм,Valchedram,000320648
000320694,Георги Дамяново,Georgi Bamyanovo,000320694
000320559,Берковица,Berkovitsa,000320559
000320655,Вършец,Varshets,000320655
000320872,Монтана,Montana,000320872
000320566,Бойчиновци,Boychinovtsi,000320566
000193551,Хайредин,Hayredin,000193551
000193250,Козлодуй,Kozloduy,000193250
000193414,Оряхово,Oryahovo,000193414
000193088,Мизия,Miziya,000193088
000193282,Криводол,Krivodol,000193282
000193115,Враца,Vratsa,000193115
000193065,Борован,Borovan,000193065
000133965,Свищов,Svishtov,000133965
000193243,Кнежа,Knezha,000193243
000414154,Червен Бряг,Cherven Bryag,000414154
000413942,Искър,Iskar,000413942
000413732,Долни Дъбник,Dolni Dabnik,000413732
000413725,Долна Митрополия,Dolna Mitropoliya,000413725
000413691,Гулянци,Gulyantsi,000413691
000413885,Никопол,Nikopol,000413885
000413974,Плевен,Pleven,000413974
000413999,Пордим,Pordim,000413999
000413814,Левски,Levski,000413814
000413579,Белене,Belene,000413579
000133933,Полски Тръмбеш,Polski Trambesh,000133933
000133972,Стражица,Strazhitsa,000133972
000133634,Велико Търново,Veliko Tarnovo,000133634
000291716,Угърчин,Ugarchin,000291716
000291591,Ловеч,Lovech,000291591
000291584,Летница,Letnitsa,000291584
000133997,Сухиндол,Suhindol,000133997
000133901,Павликени,Pavlikeni,000133901
000291709,Троян,Troyan,000291709
000291627,Априлци,Apriltsi,000291627
000215630,Габрово,Gabrovo,000215630
000215889,Севлиево,Sevlievo,000215889
000133673,Горна Оряховица,Gorna Oryahovitsa,000133673
000133844,Лясковец,Lyaskovets,000133844
000133762,Елена,Elena,000133762
000133778,Златарица,Zlataritsa,000133778
000215946,Трявна,Tryavna,000215946
000215729,Дряново,Dryanovo,000215729
000291698,Тетевен,Teteven,000291698
000776502,Своге,Svoge,000776502
000193371,Мездра,Mezdra,000193371
000776259,Етрополе,Etropole,000776259
000776089,Ботевград,Botevgrad,000776089
000193460,Роман,Roman,000193460
000291602,Луковит,Lukovit,000291602
000776477,Правец,Pravets,000776477
000291723,Ябланица,Yablanitsa,000291723
000386559,Брезник,Breznik,000386559
000261655,Трекляно,Treklyano,000261655
000386790,Трън,Tran,000386790
000776160,Годеч,Godech,000776160
000776235,Драгоман,Dragoman,000776235
000776363,Костинброд,Kostinbrod,000776363
000776517,Сливница,Slivnitsa,000776517
000776071,Божурище,Bozhurishte,000776071
000235913,Крумовград,Krumovgrad,000235913
000615075,Рудозем,Rudozem,000615075
000614984,Мадан,Madan,000614984
000235750,Ардино,Ardino,000235750
000614938,Златоград,Zlatograd,000614938
000615043,Неделино,Nedelino,000615043
000235920,Кърджали,Kardzhali,000235920
000235888,Кирково,Kirkovo,000235888
000235831,Джебел,Dzhebel,000235831
000235984,Момчилград,Momchilgrad,000235984
000903939,Харманли,Harmanli,000903939
000904261,Стамболово,Stambolovo,000904261
000903686,Любимец,Lyubimets,000903686
000903693,Маджарово,Madzharovo,000903693
000235870,Ивайловград,Ivaylovgrad,000235870
000590704,Твърдица,Tvarditsa,000590704
000777255,Антон,Anton,000777255
115816423,Сопот,Sopot,115816423
000471365,Карлово,Karlovo,000471365
000817931,Павел Баня,Pavel Banya,000817931
000817778,Казанлък,Kazanlak,000817778
000817867,Мъглиж,Maglizh,000817867
123116940,Николаево,Nikolaevo,123116940
123092756,Гурково,Gurkovo,123092756
000817696,Гълъбово,Galabovo,000817696
000590597,Нова Загора,Nova Zagora,000590597
000818022,Стара Загора,Stara Zagora,000818022
000817956,Раднево,Radnevo,000817956
000818086,Чирпан,Chirpan,000818086
000903946,Хасково,Haskovo,000903946
000903743,Минерални Бани,Mineralni Bani,000903743
000236164,Черноочене,Chernoochene,000236164
000903729,Симеоновград,Simeonovgrad,000903729
000903533,Димитровград,Dimitrovgrad,000903533
000817917,Опан,Opan,000817917
000024752,Гърмен,Garmen,000024752
000024916,Петрич,Petrich,000024916
000024720,Кресна,Kresna,000024720
000024663,Банско,Bansko,000024663
000024713,Струмяни,Strumyarni,000024713
000024955,Сандански,Sandanski,000024955
000025014,Хаджидимово,Hadzhidimovo,000025014
000024745,Гоце Делчев,Gotse Delchev,000024745
000024962,Сатовча,Satovcha,000024962
000471059,Асеновград,Asenovgrad,000471059
000614895,Девин,Devin,000614895
115631816,Куклен,Kuklen,115631816
000615118,Смолян,Smolyan,000615118
000615164,Чепеларе,Chepelare,000615164
000471536,Първомай,Parvomay,000471536
000614952,Баните,Banite,000614952
000614967,Лъки,Laki,000614967
000614906,Доспат,Dospat,000614906
000614856,Борино,Borino,000614856
000817568,Братя Даскалови,Bratya Daskalovi,000817568
000471123,Брезово,Brezovo,000471123
000261517,Кюстендил,Kyustendil,000261517
000261541,Невестино,Nevestino,000261541
000386662,Земен,Zemen,000386662
000386694,Ковачевци,Kovachevtsi,000386694
000776242,Елин Пелин,Elin Pelin,000776242
000777216,Пирдоп,Pirdop,000777216
000777223,Челопеч,Chelopech,000777223
000776464,Златица,Zlatitsa,000776464
000777230,Чавдар,Chavdar,000777230
000777248,Мирково,Mirkovo,000777248
000776178,Горна Малина,Gorna Malina,000776178
000696327,Столична,Stolichna,000696327
000386751,Перник,Pernik,000386751
000386776,Радомир,Radomir,000386776
000471543,Раковски,Rakovski,000471543
000471582,Садово,Sadovo,000471582
000261363,Бобов Дол,Bobov Dol,000261363
000024987,Симитли,Simitli,000024987
000472200,Родопи,Rodopi,000472200
000351540,Батак,Batak,000351540
000776331,Копривщица,Koprivshtitsa,000776331
000471671,Хисаря,Hisarya,000471671
000471340,Калояново,Kaloyanovo,000471340
000351743,Панагюрище,Panagyurishte,000351743
000351736,Пазарджик,Pazardzhik,000351736
000351750,Пещера,Peshtera,000351750
000351864,Стрелча,Strelcha,000351864
000471640,Съединение,Saedinenie,000471640
000472182,Марица,Maritsa,000472182
000471504,Пловдив,Plovdiv,000471504
000351565,Брацигово,Bratsigovo,000351565
115245280,Стамболийски,Stamboliyski,115245280
115244456,Кричим,Krichim,115244456
115246756,Перущица,Perushtitsa,115246756
000024695,Благоевград,Blagoevgrad,000024695
000261630,Дупница,Dupnitsa,000261630
000261616,Сапарева Баня,Sapareva Banya,000261616
000261370,Бобошево,Boboshevo,000261370
000261598,Рила,Rila,000261598
000261491,Кочериново,Kocherinovo,000261491
000776299,Ихтиман,Ihtiman,000776299
000776491,Самоков,Samokov,000776491
122054941,Долна Баня,Dolna Banya,122054941
000024948,Разлог,Razlog,000024948
000776349,Костенец,Kostenets,000776349
000351693,Лесичово,Lesichovo,000351693
000351825,Септември,Septemvri,000351825
000351795,Ракитово,Rakitovo,000351795
000024688,Белица,Belitsa,000024688
000025039,Якоруда,Yakoruda,000025039
000351558,Белово,Belovo,000351558
176806228,Сърница,,000351580
